Timestamp,Latitude,Longitude
5/2/2025 20:56,36.899.662,27.306.829
5/2/2025 20:57,36.899.654,27.306.751
5/2/2025 20:57,36.899.647,27.306.650
5/2/2025 20:57,36.899.643,27.306.551
5/2/2025 20:57,36.899.643,27.306.551
5/2/2025 20:57,36.899.628,27.306.263
5/2/2025 20:57,36.899.624,27.306.158
5/2/2025 20:57,36.899.616,27.306.076
5/2/2025 20:57,36.899.609,27.305.988
5/2/2025 20:57,36.899.609,27.305.988
5/2/2025 20:57,36.899.586,27.305.710
5/2/2025 20:57,36.899.578,27.305.626
5/2/2025 20:57,36.899.570,27.305.544
5/2/2025 20:57,36.899.570,27.305.544
5/2/2025 20:57,36.899.570,27.305.544
5/2/2025 20:57,36.899.551,27.305.202
5/2/2025 20:57,36.899.544,27.305.120
5/2/2025 20:57,36.899.536,27.305.035
5/2/2025 20:57,36.899.536,27.305.035
5/2/2025 20:57,36.899.525,27.304.789
5/2/2025 20:57,36.899.529,27.304.680
5/2/2025 20:57,36.899.525,27.304.609
5/2/2025 20:57,36.899.521,27.304.531
5/2/2025 20:57,36.899.521,27.304.531
5/2/2025 20:57,36.899.502,27.304.268
5/2/2025 20:57,36.899.498,27.304.176
5/2/2025 20:57,36.899.490,27.304.083
5/2/2025 20:57,36.899.487,27.303.997
5/2/2025 20:57,36.899.487,27.303.997
5/2/2025 20:57,36.899.475,27.303.772
5/2/2025 20:57,36.899.479,27.303.696
5/2/2025 20:57,36.899.471,27.303.619
5/2/2025 20:57,36.899.471,27.303.539
5/2/2025 20:57,36.899.471,27.303.539
5/2/2025 20:57,36.899.464,27.303.308
5/2/2025 20:57,36.899.460,27.303.226
5/2/2025 20:57,36.899.460,27.303.154
5/2/2025 20:57,36.899.452,27.303.072
5/2/2025 20:57,36.899.452,27.303.072
5/2/2025 20:57,36.899.433,27.302.851
5/2/2025 20:57,36.899.429,27.302.774
5/2/2025 20:57,36.899.422,27.302.692
5/2/2025 20:57,36.899.414,27.302.610
5/2/2025 20:57,36.899.414,27.302.610
5/2/2025 20:57,36.899.391,27.302.370
5/2/2025 20:57,36.899.387,27.302.303
5/2/2025 20:57,36.899.384,27.302.229
5/2/2025 20:57,36.899.376,27.302.153
5/2/2025 20:57,36.899.357,27.302.000
5/2/2025 20:57,36.899.349,27.301.922
5/2/2025 20:58,36.899.345,27.301.842
5/2/2025 20:58,36.899.338,27.301.762
5/2/2025 20:58,36.899.338,27.301.762
5/2/2025 20:58,36.899.319,27.301.527
5/2/2025 20:58,36.899.311,27.301.449
5/2/2025 20:58,36.899.300,27.301.369
5/2/2025 20:58,36.899.292,27.301.289
5/2/2025 20:58,36.899.292,27.301.289
5/2/2025 20:58,36.899.269,27.301.056
5/2/2025 20:58,36.899.261,27.300.980
5/2/2025 20:58,36.899.254,27.300.903
5/2/2025 20:58,36.899.246,27.300.829
5/2/2025 20:58,36.899.246,27.300.829
5/2/2025 20:58,36.899.227,27.300.613
5/2/2025 20:58,36.899.220,27.300.535
5/2/2025 20:58,36.899.216,27.300.463
5/2/2025 20:58,36.899.208,27.300.390
5/2/2025 20:58,36.899.208,27.300.390
5/2/2025 20:58,36.899.193,27.300.171
5/2/2025 20:58,36.899.185,27.300.100
5/2/2025 20:58,36.899.181,27.300.026
5/2/2025 20:58,36.899.174,27.299.953
5/2/2025 20:58,36.899.174,27.299.953
5/2/2025 20:58,36.899.158,27.299.740
5/2/2025 20:58,36.899.158,27.299.673
5/2/2025 20:58,36.899.155,27.299.597
5/2/2025 20:58,36.899.147,27.299.524
5/2/2025 20:58,36.899.147,27.299.524
5/2/2025 20:58,36.899.132,27.299.314
5/2/2025 20:58,36.899.124,27.299.244
5/2/2025 20:58,36.899.124,27.299.173
5/2/2025 20:58,36.899.124,27.299.173
5/2/2025 20:58,36.899.105,27.298.965
5/2/2025 20:58,36.899.101,27.298.893
5/2/2025 20:58,36.899.090,27.298.824
5/2/2025 20:58,36.899.082,27.298.752
5/2/2025 20:58,36.899.082,27.298.752
5/2/2025 20:58,36.899.067,27.298.546
5/2/2025 20:58,36.899.063,27.298.477
5/2/2025 20:58,36.899.055,27.298.407
5/2/2025 20:58,36.899.052,27.298.338
5/2/2025 20:58,36.899.052,27.298.338
5/2/2025 20:58,36.899.033,27.298.134
5/2/2025 20:58,36.899.025,27.298.067
5/2/2025 20:58,36.899.021,27.298.002
5/2/2025 20:58,36.899.010,27.297.934
5/2/2025 20:58,36.899.010,27.297.934
5/2/2025 20:58,36.898.987,27.297.728
5/2/2025 20:58,36.898.983,27.297.663
5/2/2025 20:58,36.898.975,27.297.596
5/2/2025 20:59,36.898.972,27.297.531
5/2/2025 20:59,36.898.972,27.297.531
5/2/2025 20:59,36.898.952,27.297.318
5/2/2025 20:59,36.898.945,27.297.255
5/2/2025 20:59,36.898.945,27.297.186
5/2/2025 20:59,36.898.945,27.297.186
5/2/2025 20:59,36.898.918,27.296.982
5/2/2025 20:59,36.898.914,27.296.917
5/2/2025 20:59,36.898.903,27.296.844
5/2/2025 20:59,36.898.899,27.296.776
5/2/2025 20:59,36.898.899,27.296.776
5/2/2025 20:59,36.898.899,27.296.776
5/2/2025 20:59,36.898.869,27.296.494
5/2/2025 20:59,36.898.857,27.296.423
5/2/2025 20:59,36.898.849,27.296.352
5/2/2025 20:59,36.898.849,27.296.352
5/2/2025 20:59,36.898.823,27.296.143
5/2/2025 20:59,36.898.815,27.296.074
5/2/2025 20:59,36.898.808,27.296.007
5/2/2025 20:59,36.898.796,27.295.940
5/2/2025 20:59,36.898.796,27.295.940
5/2/2025 20:59,36.898.777,27.295.740
5/2/2025 20:59,36.898.769,27.295.671
5/2/2025 20:59,36.898.762,27.295.605
5/2/2025 20:59,36.898.754,27.295.538
5/2/2025 20:59,36.898.754,27.295.538
5/2/2025 20:59,36.898.727,27.295.345
5/2/2025 20:59,36.898.724,27.295.280
5/2/2025 20:59,36.898.712,27.295.214
5/2/2025 20:59,36.898.708,27.295.151
5/2/2025 20:59,36.898.708,27.295.151
5/2/2025 20:59,36.898.697,27.294.954
5/2/2025 20:59,36.898.697,27.294.891
5/2/2025 20:59,36.898.697,27.294.828
5/2/2025 20:59,36.898.689,27.294.769
5/2/2025 20:59,36.898.685,27.294.651
5/2/2025 20:59,36.898.685,27.294.590
5/2/2025 20:59,36.898.685,27.294.531
5/2/2025 20:59,36.898.689,27.294.470
5/2/2025 20:59,36.898.689,27.294.470
5/2/2025 20:59,36.898.697,27.294.296
5/2/2025 20:59,36.898.701,27.294.239
5/2/2025 20:59,36.898.705,27.294.184
5/2/2025 20:59,36.898.712,27.294.128
5/2/2025 20:59,36.898.712,27.294.128
5/2/2025 20:59,36.898.735,27.293.968
5/2/2025 20:59,36.898.739,27.293.911
5/2/2025 20:59,36.898.746,27.293.854
5/2/2025 20:59,36.898.754,27.293.802
5/2/2025 20:59,36.898.754,27.293.802
5/2/2025 21:00,36.898.781,27.293.640
5/2/2025 21:00,36.898.785,27.293.587
5/2/2025 21:00,36.898.792,27.293.533
5/2/2025 21:00,36.898.800,27.293.482
5/2/2025 21:00,36.898.800,27.293.482
5/2/2025 21:00,36.898.823,27.293.331
5/2/2025 21:00,36.898.834,27.293.285
5/2/2025 21:00,36.898.842,27.293.232
5/2/2025 21:00,36.898.849,27.293.186
5/2/2025 21:00,36.898.849,27.293.186
5/2/2025 21:00,36.898.880,27.293.049
5/2/2025 21:00,36.898.888,27.292.997
5/2/2025 21:00,36.898.899,27.292.953
5/2/2025 21:00,36.898.911,27.292.908
5/2/2025 21:00,36.898.911,27.292.908
5/2/2025 21:00,36.898.945,27.292.763
5/2/2025 21:00,36.898.956,27.292.723
5/2/2025 21:00,36.898.972,27.292.681
5/2/2025 21:00,36.898.983,27.292.641
5/2/2025 21:00,36.898.983,27.292.641
5/2/2025 21:00,36.899.021,27.292.509
5/2/2025 21:00,36.899.036,27.292.463
5/2/2025 21:00,36.899.052,27.292.418
5/2/2025 21:00,36.899.063,27.292.374
5/2/2025 21:00,36.899.063,27.292.374
5/2/2025 21:00,36.899.105,27.292.242
5/2/2025 21:00,36.899.120,27.292.194
5/2/2025 21:00,36.899.136,27.292.149
5/2/2025 21:00,36.899.136,27.292.149
5/2/2025 21:00,36.899.181,27.292.027
5/2/2025 21:00,36.899.200,27.291.990
5/2/2025 21:00,36.899.220,27.291.950
5/2/2025 21:00,36.899.235,27.291.904
5/2/2025 21:00,36.899.235,27.291.904
5/2/2025 21:00,36.899.292,27.291.796
5/2/2025 21:00,36.899.307,27.291.763
5/2/2025 21:00,36.899.330,27.291.727
5/2/2025 21:00,36.899.353,27.291.691
5/2/2025 21:00,36.899.353,27.291.691
5/2/2025 21:00,36.899.403,27.291.578
5/2/2025 21:00,36.899.422,27.291.542
5/2/2025 21:00,36.899.437,27.291.504
5/2/2025 21:00,36.899.452,27.291.468
5/2/2025 21:00,36.899.452,27.291.468
5/2/2025 21:00,36.899.487,27.291.367
5/2/2025 21:00,36.899.502,27.291.338
5/2/2025 21:00,36.899.513,27.291.307
5/2/2025 21:00,36.899.529,27.291.275
5/2/2025 21:00,36.899.529,27.291.275
5/2/2025 21:00,36.899.567,27.291.187
5/2/2025 21:01,36.899.582,27.291.161
5/2/2025 21:01,36.899.590,27.291.134
5/2/2025 21:01,36.899.601,27.291.107
5/2/2025 21:01,36.899.601,27.291.107
5/2/2025 21:01,36.899.639,27.291.039
5/2/2025 21:01,36.899.651,27.291.014
5/2/2025 21:01,36.899.658,27.290.989
5/2/2025 21:01,36.899.670,27.290.966
5/2/2025 21:01,36.899.670,27.290.966
5/2/2025 21:01,36.899.700,27.290.882
5/2/2025 21:01,36.899.712,27.290.857
5/2/2025 21:01,36.899.723,27.290.829
5/2/2025 21:01,36.899.723,27.290.829
5/2/2025 21:01,36.899.757,27.290.758
5/2/2025 21:01,36.899.773,27.290.737
5/2/2025 21:01,36.899.788,27.290.718
5/2/2025 21:01,36.899.803,27.290.693
5/2/2025 21:01,36.899.803,27.290.693
5/2/2025 21:01,36.899.845,27.290.625
5/2/2025 21:01,36.899.853,27.290.606
5/2/2025 21:01,36.899.864,27.290.588
5/2/2025 21:01,36.899.879,27.290.569
5/2/2025 21:01,36.899.879,27.290.569
5/2/2025 21:01,36.899.925,27.290.508
5/2/2025 21:01,36.899.937,27.290.487
5/2/2025 21:01,36.899.948,27.290.466
5/2/2025 21:01,36.899.967,27.290.445
5/2/2025 21:01,36.899.967,27.290.445
5/2/2025 21:01,36.899.998,27.290.419
5/2/2025 21:01,36.900.005,27.290.411
5/2/2025 21:01,36.900.005,27.290.390
5/2/2025 21:01,36.900.009,27.290.373
5/2/2025 21:01,36.900.009,27.290.373
5/2/2025 21:01,36.900.028,27.290.339
5/2/2025 21:01,36.900.036,27.290.329
5/2/2025 21:01,36.900.040,27.290.314
5/2/2025 21:01,36.900.040,27.290.298
5/2/2025 21:01,36.900.040,27.290.298
5/2/2025 21:01,36.900.059,27.290.264
5/2/2025 21:01,36.900.063,27.290.257
5/2/2025 21:01,36.900.070,27.290.253
5/2/2025 21:01,36.900.070,27.290.243
5/2/2025 21:01,36.900.070,27.290.243
5/2/2025 21:01,36.900.066,27.290.228
5/2/2025 21:01,36.900.078,27.290.222
5/2/2025 21:01,36.900.093,27.290.215
5/2/2025 21:01,36.900.093,27.290.215
5/2/2025 21:01,36.900.101,27.290.205
5/2/2025 21:01,36.900.105,27.290.203
5/2/2025 21:02,36.900.108,27.290.199
5/2/2025 21:02,36.900.108,27.290.197
5/2/2025 21:02,36.900.108,27.290.197
5/2/2025 21:02,36.900.116,27.290.201
5/2/2025 21:02,36.900.112,27.290.199
5/2/2025 21:02,36.900.112,27.290.201
5/2/2025 21:02,36.900.112,27.290.203
5/2/2025 21:02,36.900.112,27.290.203
5/2/2025 21:02,36.900.108,27.290.211
5/2/2025 21:02,36.900.112,27.290.211
5/2/2025 21:02,36.900.108,27.290.211
5/2/2025 21:02,36.900.108,27.290.211
5/2/2025 21:02,36.900.108,27.290.211
5/2/2025 21:02,36.900.105,27.290.192
5/2/2025 21:02,36.900.101,27.290.190
5/2/2025 21:02,36.900.097,27.290.188
5/2/2025 21:02,36.900.089,27.290.188
5/2/2025 21:02,36.900.089,27.290.188
5/2/2025 21:02,36.900.074,27.290.190
5/2/2025 21:02,36.900.070,27.290.194
5/2/2025 21:02,36.900.066,27.290.194
5/2/2025 21:02,36.900.066,27.290.194
5/2/2025 21:02,36.900.066,27.290.194
5/2/2025 21:02,36.900.051,27.290.195
5/2/2025 21:02,36.900.043,27.290.194
5/2/2025 21:02,36.900.032,27.290.194
5/2/2025 21:02,36.900.021,27.290.195
5/2/2025 21:02,36.900.021,27.290.195
5/2/2025 21:02,36.900.002,27.290.194
5/2/2025 21:02,36.900.005,27.290.192
5/2/2025 21:02,36.899.994,27.290.192
5/2/2025 21:02,36.899.990,27.290.192
5/2/2025 21:02,36.899.990,27.290.192
5/2/2025 21:02,36.899.967,27.290.201
5/2/2025 21:02,36.899.960,27.290.205
5/2/2025 21:02,36.899.952,27.290.209
5/2/2025 21:02,36.899.944,27.290.211
5/2/2025 21:02,36.899.944,27.290.211
5/2/2025 21:02,36.899.914,27.290.222
5/2/2025 21:02,36.899.902,27.290.224
5/2/2025 21:02,36.899.895,27.290.230
5/2/2025 21:02,36.899.895,27.290.230
5/2/2025 21:02,36.899.895,27.290.230
5/2/2025 21:02,36.899.860,27.290.247
5/2/2025 21:02,36.899.849,27.290.247
5/2/2025 21:02,36.899.834,27.290.253
5/2/2025 21:02,36.899.834,27.290.253
5/2/2025 21:02,36.899.822,27.290.279
5/2/2025 21:02,36.899.815,27.290.289
5/2/2025 21:02,36.899.815,27.290.297
5/2/2025 21:03,36.899.807,27.290.314
5/2/2025 21:03,36.899.807,27.290.314
5/2/2025 21:03,36.899.792,27.290.321
5/2/2025 21:03,36.899.784,27.290.325
5/2/2025 21:03,36.899.776,27.290.335
5/2/2025 21:03,36.899.776,27.290.342
5/2/2025 21:03,36.899.776,27.290.342
5/2/2025 21:03,36.899.761,27.290.358
5/2/2025 21:03,36.899.757,27.290.363
5/2/2025 21:03,36.899.754,27.290.367
5/2/2025 21:03,36.899.754,27.290.367
5/2/2025 21:03,36.899.754,27.290.367
5/2/2025 21:03,36.899.734,27.290.373
5/2/2025 21:03,36.899.727,27.290.379
5/2/2025 21:03,36.899.723,27.290.382
5/2/2025 21:03,36.899.719,27.290.382
5/2/2025 21:03,36.899.719,27.290.382
5/2/2025 21:03,36.899.666,27.290.411
5/2/2025 21:03,36.899.673,27.290.417
5/2/2025 21:03,36.899.670,27.290.417
5/2/2025 21:03,36.899.670,27.290.417
5/2/2025 21:03,36.899.670,27.290.417
5/2/2025 21:03,36.899.673,27.290.411
5/2/2025 21:03,36.899.677,27.290.419
5/2/2025 21:03,36.899.673,27.290.424
5/2/2025 21:03,36.899.673,27.290.424
5/2/2025 21:03,36.899.673,27.290.424
5/2/2025 21:03,36.899.658,27.290.432
5/2/2025 21:03,36.899.643,27.290.430
5/2/2025 21:03,36.899.639,27.290.434
5/2/2025 21:03,36.899.639,27.290.434
5/2/2025 21:03,36.899.620,27.290.432
5/2/2025 21:03,36.899.612,27.290.434
5/2/2025 21:03,36.899.605,27.290.436
5/2/2025 21:03,36.899.601,27.290.440
5/2/2025 21:03,36.899.601,27.290.440
5/2/2025 21:03,36.899.578,27.290.440
5/2/2025 21:03,36.899.570,27.290.442
5/2/2025 21:03,36.899.563,27.290.438
5/2/2025 21:03,36.899.551,27.290.436
5/2/2025 21:03,36.899.551,27.290.436
5/2/2025 21:03,36.899.525,27.290.440
5/2/2025 21:03,36.899.517,27.290.440
5/2/2025 21:03,36.899.509,27.290.440
5/2/2025 21:03,36.899.498,27.290.442
5/2/2025 21:03,36.899.498,27.290.442
5/2/2025 21:03,36.899.475,27.290.445
5/2/2025 21:03,36.899.464,27.290.445
5/2/2025 21:03,36.899.456,27.290.443
5/2/2025 21:03,36.899.448,27.290.443
5/2/2025 21:04,36.899.448,27.290.443
5/2/2025 21:04,36.899.422,27.290.445
5/2/2025 21:04,36.899.414,27.290.447
5/2/2025 21:04,36.899.410,27.290.451
5/2/2025 21:04,36.899.410,27.290.451
5/2/2025 21:04,36.899.410,27.290.451
5/2/2025 21:04,36.899.380,27.290.449
5/2/2025 21:04,36.899.372,27.290.451
5/2/2025 21:04,36.899.364,27.290.449
5/2/2025 21:04,36.899.364,27.290.449
5/2/2025 21:04,36.899.364,27.290.449
5/2/2025 21:04,36.899.338,27.290.443
5/2/2025 21:04,36.899.330,27.290.442
5/2/2025 21:04,36.899.323,27.290.436
5/2/2025 21:04,36.899.323,27.290.436
5/2/2025 21:04,36.899.300,27.290.438
5/2/2025 21:04,36.899.296,27.290.440
5/2/2025 21:04,36.899.288,27.290.440
5/2/2025 21:04,36.899.281,27.290.442
5/2/2025 21:04,36.899.281,27.290.442
5/2/2025 21:04,36.899.250,27.290.438
5/2/2025 21:04,36.899.242,27.290.436
5/2/2025 21:04,36.899.235,27.290.434
5/2/2025 21:04,36.899.223,27.290.434
5/2/2025 21:04,36.899.223,27.290.434
5/2/2025 21:04,36.899.189,27.290.443
5/2/2025 21:04,36.899.178,27.290.447
5/2/2025 21:04,36.899.170,27.290.447
5/2/2025 21:04,36.899.155,27.290.440
5/2/2025 21:04,36.899.155,27.290.440
5/2/2025 21:04,36.899.128,27.290.436
5/2/2025 21:04,36.899.120,27.290.436
5/2/2025 21:04,36.899.113,27.290.438
5/2/2025 21:04,36.899.105,27.290.436
5/2/2025 21:04,36.899.105,27.290.436
5/2/2025 21:04,36.899.094,27.290.436
5/2/2025 21:04,36.899.082,27.290.445
5/2/2025 21:04,36.899.071,27.290.443
5/2/2025 21:04,36.899.071,27.290.443
5/2/2025 21:04,36.899.071,27.290.443
5/2/2025 21:04,36.899.040,27.290.442
5/2/2025 21:04,36.899.033,27.290.443
5/2/2025 21:04,36.899.025,27.290.447
5/2/2025 21:04,36.899.017,27.290.449
5/2/2025 21:04,36.899.017,27.290.449
5/2/2025 21:04,36.898.991,27.290.442
5/2/2025 21:04,36.898.979,27.290.442
5/2/2025 21:04,36.898.972,27.290.438
5/2/2025 21:04,36.898.972,27.290.438
5/2/2025 21:04,36.898.972,27.290.438
5/2/2025 21:05,36.898.945,27.290.426
5/2/2025 21:05,36.898.937,27.290.424
5/2/2025 21:05,36.898.922,27.290.440
5/2/2025 21:05,36.898.922,27.290.440
5/2/2025 21:05,36.898.922,27.290.440
5/2/2025 21:05,36.898.907,27.290.428
5/2/2025 21:05,36.898.911,27.290.417
5/2/2025 21:05,36.898.907,27.290.413
5/2/2025 21:05,36.898.907,27.290.413
5/2/2025 21:05,36.898.895,27.290.405
5/2/2025 21:05,36.898.903,27.290.415
5/2/2025 21:05,36.898.907,27.290.434
5/2/2025 21:05,36.898.911,27.290.430
5/2/2025 21:05,36.898.911,27.290.430
5/2/2025 21:05,36.898.907,27.290.436
5/2/2025 21:05,36.898.907,27.290.447
5/2/2025 21:05,36.898.911,27.290.451
5/2/2025 21:05,36.898.907,27.290.451
5/2/2025 21:05,36.898.907,27.290.451
5/2/2025 21:05,36.898.872,27.290.445
5/2/2025 21:05,36.898.861,27.290.438
5/2/2025 21:05,36.898.857,27.290.440
5/2/2025 21:05,36.898.849,27.290.434
5/2/2025 21:05,36.898.849,27.290.434
5/2/2025 21:05,36.898.838,27.290.447
5/2/2025 21:05,36.898.834,27.290.449
5/2/2025 21:05,36.898.830,27.290.453
5/2/2025 21:05,36.898.823,27.290.461
5/2/2025 21:05,36.898.823,27.290.461
5/2/2025 21:05,36.898.808,27.290.480
5/2/2025 21:05,36.898.804,27.290.487
5/2/2025 21:05,36.898.800,27.290.491
5/2/2025 21:05,36.898.800,27.290.491
5/2/2025 21:05,36.898.788,27.290.504
5/2/2025 21:05,36.898.800,27.290.510
5/2/2025 21:05,36.898.796,27.290.516
5/2/2025 21:05,36.898.792,27.290.516
5/2/2025 21:05,36.898.792,27.290.516
5/2/2025 21:05,36.898.773,27.290.529
5/2/2025 21:05,36.898.769,27.290.531
5/2/2025 21:05,36.898.766,27.290.537
5/2/2025 21:05,36.898.754,27.290.545
5/2/2025 21:05,36.898.754,27.290.545
5/2/2025 21:05,36.898.735,27.290.545
5/2/2025 21:05,36.898.731,27.290.546
5/2/2025 21:05,36.898.724,27.290.548
5/2/2025 21:05,36.898.716,27.290.546
5/2/2025 21:05,36.898.716,27.290.546
5/2/2025 21:05,36.898.697,27.290.554
5/2/2025 21:06,36.898.693,27.290.556
5/2/2025 21:06,36.898.685,27.290.556
5/2/2025 21:06,36.898.685,27.290.552
5/2/2025 21:06,36.898.685,27.290.552
5/2/2025 21:06,36.898.666,27.290.550
5/2/2025 21:06,36.898.663,27.290.546
5/2/2025 21:06,36.898.663,27.290.546
5/2/2025 21:06,36.898.655,27.290.545
5/2/2025 21:06,36.898.655,27.290.545
5/2/2025 21:06,36.898.647,27.290.552
5/2/2025 21:06,36.898.643,27.290.552
5/2/2025 21:06,36.898.640,27.290.554
5/2/2025 21:06,36.898.640,27.290.554
5/2/2025 21:06,36.898.636,27.290.562
5/2/2025 21:06,36.898.628,27.290.564
5/2/2025 21:06,36.898.628,27.290.565
5/2/2025 21:06,36.898.621,27.290.556
5/2/2025 21:06,36.898.621,27.290.556
5/2/2025 21:06,36.898.602,27.290.552
5/2/2025 21:06,36.898.598,27.290.562
5/2/2025 21:06,36.898.598,27.290.560
5/2/2025 21:06,36.898.598,27.290.556
5/2/2025 21:06,36.898.598,27.290.556
5/2/2025 21:06,36.898.586,27.290.554
5/2/2025 21:06,36.898.586,27.290.546
5/2/2025 21:06,36.898.586,27.290.546
5/2/2025 21:06,36.898.575,27.290.516
5/2/2025 21:06,36.898.575,27.290.516
5/2/2025 21:06,36.898.571,27.290.514
5/2/2025 21:06,36.898.563,27.290.510
5/2/2025 21:06,36.898.560,27.290.512
5/2/2025 21:06,36.898.560,27.290.512
5/2/2025 21:06,36.898.560,27.290.512
5/2/2025 21:06,36.898.560,27.290.504
5/2/2025 21:06,36.898.563,27.290.512
5/2/2025 21:06,36.898.560,27.290.510
5/2/2025 21:06,36.898.560,27.290.512
5/2/2025 21:06,36.898.560,27.290.512
5/2/2025 21:06,36.898.548,27.290.514
5/2/2025 21:06,36.898.548,27.290.524
5/2/2025 21:06,36.898.548,27.290.522
5/2/2025 21:06,36.898.540,27.290.514
5/2/2025 21:06,36.898.540,27.290.514
5/2/2025 21:06,36.898.537,27.290.525
5/2/2025 21:06,36.898.533,27.290.533
5/2/2025 21:06,36.898.529,27.290.533
5/2/2025 21:06,36.898.537,27.290.545
5/2/2025 21:06,36.898.537,27.290.545
5/2/2025 21:06,36.898.521,27.290.564
5/2/2025 21:06,36.898.521,27.290.573
5/2/2025 21:07,36.898.521,27.290.583
5/2/2025 21:07,36.898.525,27.290.590
5/2/2025 21:07,36.898.525,27.290.590
5/2/2025 21:07,36.898.525,27.290.602
5/2/2025 21:07,36.898.525,27.290.606
5/2/2025 21:07,36.898.525,27.290.606
5/2/2025 21:07,36.898.525,27.290.609
5/2/2025 21:07,36.898.525,27.290.609
5/2/2025 21:07,36.898.533,27.290.627
5/2/2025 21:07,36.898.537,27.290.632
5/2/2025 21:07,36.898.529,27.290.634
5/2/2025 21:07,36.898.529,27.290.634
5/2/2025 21:07,36.898.537,27.290.636
5/2/2025 21:07,36.898.533,27.290.644
5/2/2025 21:07,36.898.537,27.290.642
5/2/2025 21:07,36.898.537,27.290.646
5/2/2025 21:07,36.898.537,27.290.646
5/2/2025 21:07,36.898.537,27.290.657
5/2/2025 21:07,36.898.540,27.290.655
5/2/2025 21:07,36.898.540,27.290.659
5/2/2025 21:07,36.898.540,27.290.667
5/2/2025 21:07,36.898.540,27.290.667
5/2/2025 21:07,36.898.521,27.290.611
5/2/2025 21:07,36.898.514,27.290.588
5/2/2025 21:07,36.898.518,27.290.581
5/2/2025 21:07,36.898.518,27.290.583
5/2/2025 21:07,36.898.518,27.290.583
5/2/2025 21:07,36.898.521,27.290.600
5/2/2025 21:07,36.898.525,27.290.602
5/2/2025 21:07,36.898.525,27.290.598
5/2/2025 21:07,36.898.529,27.290.600
5/2/2025 21:07,36.898.529,27.290.600
5/2/2025 21:07,36.898.525,27.290.590
5/2/2025 21:07,36.898.533,27.290.596
5/2/2025 21:07,36.898.529,27.290.602
5/2/2025 21:07,36.898.525,27.290.598
5/2/2025 21:07,36.898.525,27.290.598
5/2/2025 21:07,36.898.521,27.290.596
5/2/2025 21:07,36.898.521,27.290.598
5/2/2025 21:07,36.898.518,27.290.596
5/2/2025 21:07,36.898.518,27.290.598
5/2/2025 21:07,36.898.518,27.290.598
5/2/2025 21:07,36.898.510,27.290.609
5/2/2025 21:07,36.898.506,27.290.611
5/2/2025 21:07,36.898.506,27.290.613
5/2/2025 21:07,36.898.502,27.290.609
5/2/2025 21:07,36.898.502,27.290.609
5/2/2025 21:07,36.898.502,27.290.611
5/2/2025 21:07,36.898.499,27.290.615
5/2/2025 21:07,36.898.499,27.290.615
5/2/2025 21:08,36.898.499,27.290.615
5/2/2025 21:08,36.898.495,27.290.617
5/2/2025 21:08,36.898.495,27.290.615
5/2/2025 21:08,36.898.499,27.290.615
5/2/2025 21:08,36.898.499,27.290.615
5/2/2025 21:08,36.898.499,27.290.615
5/2/2025 21:08,36.898.525,27.290.661
5/2/2025 21:08,36.898.525,27.290.661
5/2/2025 21:08,36.898.525,27.290.663
5/2/2025 21:08,36.898.521,27.290.667
5/2/2025 21:08,36.898.521,27.290.667
5/2/2025 21:08,36.898.525,27.290.655
5/2/2025 21:08,36.898.525,27.290.653
5/2/2025 21:08,36.898.525,27.290.655
5/2/2025 21:08,36.898.529,27.290.655
5/2/2025 21:08,36.898.529,27.290.655
5/2/2025 21:08,36.898.537,27.290.667
5/2/2025 21:08,36.898.537,27.290.665
5/2/2025 21:08,36.898.540,27.290.663
5/2/2025 21:08,36.898.540,27.290.665
5/2/2025 21:08,36.898.540,27.290.665
5/2/2025 21:08,36.898.544,27.290.659
5/2/2025 21:08,36.898.544,27.290.655
5/2/2025 21:08,36.898.548,27.290.655
5/2/2025 21:08,36.898.548,27.290.653
5/2/2025 21:08,36.898.548,27.290.653
5/2/2025 21:08,36.898.552,27.290.655
5/2/2025 21:08,36.898.552,27.290.655
5/2/2025 21:08,36.898.548,27.290.663
5/2/2025 21:08,36.898.548,27.290.663
5/2/2025 21:08,36.898.548,27.290.663
5/2/2025 21:08,36.898.529,27.290.661
5/2/2025 21:08,36.898.525,27.290.667
5/2/2025 21:08,36.898.525,27.290.672
5/2/2025 21:08,36.898.529,27.290.678
5/2/2025 21:08,36.898.529,27.290.678
5/2/2025 21:08,36.898.518,27.290.699
5/2/2025 21:08,36.898.518,27.290.703
5/2/2025 21:08,36.898.533,27.290.709
5/2/2025 21:08,36.898.533,27.290.709
5/2/2025 21:08,36.898.540,27.290.701
5/2/2025 21:08,36.898.537,27.290.695
5/2/2025 21:08,36.898.537,27.290.689
5/2/2025 21:08,36.898.537,27.290.688
5/2/2025 21:08,36.898.537,27.290.688
5/2/2025 21:08,36.898.533,27.290.678
5/2/2025 21:08,36.898.537,27.290.663
5/2/2025 21:08,36.898.537,27.290.661
5/2/2025 21:08,36.898.537,27.290.659
5/2/2025 21:08,36.898.537,27.290.659
5/2/2025 21:09,36.898.544,27.290.670
5/2/2025 21:09,36.898.540,27.290.676
5/2/2025 21:09,36.898.537,27.290.680
5/2/2025 21:09,36.898.537,27.290.674
5/2/2025 21:09,36.898.537,27.290.674
5/2/2025 21:09,36.898.533,27.290.676
5/2/2025 21:09,36.898.533,27.290.674
5/2/2025 21:09,36.898.537,27.290.674
5/2/2025 21:09,36.898.544,27.290.674
5/2/2025 21:09,36.898.544,27.290.674
5/2/2025 21:09,36.898.560,27.290.674
5/2/2025 21:09,36.898.563,27.290.678
5/2/2025 21:09,36.898.567,27.290.678
5/2/2025 21:09,36.898.567,27.290.678
5/2/2025 21:09,36.898.571,27.290.688
5/2/2025 21:09,36.898.571,27.290.689
5/2/2025 21:09,36.898.571,27.290.699
5/2/2025 21:09,36.898.571,27.290.701
5/2/2025 21:09,36.898.571,27.290.697
5/2/2025 21:09,36.898.575,27.290.705
5/2/2025 21:09,36.898.575,27.290.703
5/2/2025 21:09,36.898.579,27.290.697
5/2/2025 21:09,36.898.582,27.290.701
5/2/2025 21:09,36.898.582,27.290.701
5/2/2025 21:09,36.898.602,27.290.731
5/2/2025 21:09,36.898.605,27.290.733
5/2/2025 21:09,36.898.602,27.290.737
5/2/2025 21:09,36.898.598,27.290.737
5/2/2025 21:09,36.898.598,27.290.737
5/2/2025 21:09,36.898.590,27.290.741
5/2/2025 21:09,36.898.586,27.290.737
5/2/2025 21:09,36.898.590,27.290.737
5/2/2025 21:09,36.898.590,27.290.730
5/2/2025 21:09,36.898.590,27.290.730
5/2/2025 21:09,36.898.586,27.290.722
5/2/2025 21:09,36.898.586,27.290.724
5/2/2025 21:09,36.898.586,27.290.726
5/2/2025 21:09,36.898.582,27.290.730
5/2/2025 21:09,36.898.582,27.290.730
5/2/2025 21:09,36.898.579,27.290.716
5/2/2025 21:09,36.898.579,27.290.703
5/2/2025 21:09,36.898.579,27.290.705
5/2/2025 21:09,36.898.579,27.290.701
5/2/2025 21:09,36.898.579,27.290.701
5/2/2025 21:09,36.898.575,27.290.691
5/2/2025 21:09,36.898.579,27.290.689
5/2/2025 21:09,36.898.579,27.290.689
5/2/2025 21:09,36.898.575,27.290.689
5/2/2025 21:09,36.898.575,27.290.689
5/2/2025 21:09,36.898.575,27.290.689
5/2/2025 21:10,36.898.575,27.290.688
5/2/2025 21:10,36.898.579,27.290.682
5/2/2025 21:10,36.898.579,27.290.676
5/2/2025 21:10,36.898.579,27.290.676
5/2/2025 21:10,36.898.575,27.290.678
5/2/2025 21:10,36.898.571,27.290.668
5/2/2025 21:10,36.898.563,27.290.663
5/2/2025 21:10,36.898.563,27.290.663
5/2/2025 21:10,36.898.544,27.290.642
5/2/2025 21:10,36.898.544,27.290.644
5/2/2025 21:10,36.898.540,27.290.653
5/2/2025 21:10,36.898.544,27.290.651
5/2/2025 21:10,36.898.544,27.290.651
5/2/2025 21:10,36.898.540,27.290.646
5/2/2025 21:10,36.898.544,27.290.649
5/2/2025 21:10,36.898.544,27.290.648
5/2/2025 21:10,36.898.544,27.290.646
5/2/2025 21:10,36.898.544,27.290.646
5/2/2025 21:10,36.898.544,27.290.640
5/2/2025 21:10,36.898.540,27.290.640
5/2/2025 21:10,36.898.563,27.290.670
5/2/2025 21:10,36.898.563,27.290.672
5/2/2025 21:10,36.898.563,27.290.672
5/2/2025 21:10,36.898.563,27.290.657
5/2/2025 21:10,36.898.567,27.290.655
5/2/2025 21:10,36.898.567,27.290.659
5/2/2025 21:10,36.898.563,27.290.661
5/2/2025 21:10,36.898.563,27.290.661
5/2/2025 21:10,36.898.560,27.290.663
5/2/2025 21:10,36.898.563,27.290.665
5/2/2025 21:10,36.898.563,27.290.668
5/2/2025 21:10,36.898.563,27.290.667
5/2/2025 21:10,36.898.563,27.290.667
5/2/2025 21:10,36.898.563,27.290.657
5/2/2025 21:10,36.898.563,27.290.655
5/2/2025 21:10,36.898.560,27.290.653
5/2/2025 21:10,36.898.560,27.290.653
5/2/2025 21:10,36.898.560,27.290.653
5/2/2025 21:10,36.898.556,27.290.653
5/2/2025 21:10,36.898.556,27.290.657
5/2/2025 21:10,36.898.556,27.290.657
5/2/2025 21:10,36.898.556,27.290.659
5/2/2025 21:10,36.898.556,27.290.659
5/2/2025 21:10,36.898.556,27.290.668
5/2/2025 21:10,36.898.552,27.290.674
5/2/2025 21:10,36.898.552,27.290.672
5/2/2025 21:10,36.898.552,27.290.670
5/2/2025 21:10,36.898.552,27.290.670
5/2/2025 21:10,36.898.552,27.290.674
5/2/2025 21:11,36.898.560,27.290.691
5/2/2025 21:11,36.898.560,27.290.689
5/2/2025 21:11,36.898.560,27.290.689
5/2/2025 21:11,36.898.560,27.290.697
5/2/2025 21:11,36.898.556,27.290.693
5/2/2025 21:11,36.898.560,27.290.688
5/2/2025 21:11,36.898.560,27.290.686
5/2/2025 21:11,36.898.560,27.290.686
5/2/2025 21:11,36.898.560,27.290.665
5/2/2025 21:11,36.898.560,27.290.661
5/2/2025 21:11,36.898.563,27.290.651
5/2/2025 21:11,36.898.560,27.290.649
5/2/2025 21:11,36.898.560,27.290.649
5/2/2025 21:11,36.898.560,27.290.646
5/2/2025 21:11,36.898.560,27.290.642
5/2/2025 21:11,36.898.560,27.290.634
5/2/2025 21:11,36.898.563,27.290.627
5/2/2025 21:11,36.898.563,27.290.627
5/2/2025 21:11,36.898.560,27.290.611
5/2/2025 21:11,36.898.560,27.290.615
5/2/2025 21:11,36.898.560,27.290.619
5/2/2025 21:11,36.898.563,27.290.621
5/2/2025 21:11,36.898.563,27.290.621
5/2/2025 21:11,36.898.552,27.290.621
5/2/2025 21:11,36.898.548,27.290.619
5/2/2025 21:11,36.898.544,27.290.619
5/2/2025 21:11,36.898.544,27.290.634
5/2/2025 21:11,36.898.544,27.290.634
5/2/2025 21:11,36.898.544,27.290.623
5/2/2025 21:11,36.898.540,27.290.623
5/2/2025 21:11,36.898.544,27.290.627
5/2/2025 21:11,36.898.548,27.290.634
5/2/2025 21:11,36.898.548,27.290.634
5/2/2025 21:11,36.898.563,27.290.653
5/2/2025 21:11,36.898.563,27.290.653
5/2/2025 21:11,36.898.560,27.290.653
5/2/2025 21:11,36.898.560,27.290.653
5/2/2025 21:11,36.898.560,27.290.653
5/2/2025 21:11,36.898.556,27.290.644
5/2/2025 21:11,36.898.575,27.290.676
5/2/2025 21:11,36.898.586,27.290.699
5/2/2025 21:11,36.898.582,27.290.701
5/2/2025 21:11,36.898.579,27.290.686
5/2/2025 21:11,36.898.575,27.290.682
5/2/2025 21:11,36.898.582,27.290.686
5/2/2025 21:11,36.898.582,27.290.680
5/2/2025 21:11,36.898.582,27.290.680
5/2/2025 21:11,36.898.571,27.290.678
5/2/2025 21:11,36.898.567,27.290.674
5/2/2025 21:11,36.898.563,27.290.682
5/2/2025 21:12,36.898.560,27.290.684
5/2/2025 21:12,36.898.560,27.290.684
5/2/2025 21:12,36.898.556,27.290.676
5/2/2025 21:12,36.898.556,27.290.674
5/2/2025 21:12,36.898.552,27.290.674
5/2/2025 21:12,36.898.548,27.290.676
5/2/2025 21:12,36.898.548,27.290.676
5/2/2025 21:12,36.898.544,27.290.661
5/2/2025 21:12,36.898.544,27.290.659
5/2/2025 21:12,36.898.540,27.290.661
5/2/2025 21:12,36.898.537,27.290.665
5/2/2025 21:12,36.898.537,27.290.665
5/2/2025 21:12,36.898.537,27.290.653
5/2/2025 21:12,36.898.537,27.290.648
5/2/2025 21:12,36.898.537,27.290.640
5/2/2025 21:12,36.898.537,27.290.634
5/2/2025 21:12,36.898.537,27.290.634
5/2/2025 21:12,36.898.540,27.290.630
5/2/2025 21:12,36.898.540,27.290.627
5/2/2025 21:12,36.898.540,27.290.627
5/2/2025 21:12,36.898.540,27.290.621
5/2/2025 21:12,36.898.540,27.290.621
5/2/2025 21:12,36.898.544,27.290.630
5/2/2025 21:12,36.898.552,27.290.634
5/2/2025 21:12,36.898.548,27.290.625
5/2/2025 21:12,36.898.544,27.290.621
5/2/2025 21:12,36.898.540,27.290.627
5/2/2025 21:12,36.898.540,27.290.627
5/2/2025 21:12,36.898.537,27.290.627
5/2/2025 21:12,36.898.537,27.290.627
5/2/2025 21:12,36.898.537,27.290.627
5/2/2025 21:12,36.898.537,27.290.632
5/2/2025 21:12,36.898.537,27.290.634
5/2/2025 21:12,36.898.537,27.290.636
5/2/2025 21:12,36.898.537,27.290.634
5/2/2025 21:12,36.898.533,27.290.640
5/2/2025 21:12,36.898.525,27.290.632
5/2/2025 21:12,36.898.525,27.290.640
5/2/2025 21:12,36.898.525,27.290.642
5/2/2025 21:12,36.898.525,27.290.644
5/2/2025 21:12,36.898.525,27.290.644
5/2/2025 21:12,36.898.533,27.290.644
5/2/2025 21:12,36.898.529,27.290.648
5/2/2025 21:12,36.898.529,27.290.648
5/2/2025 21:12,36.898.529,27.290.653
5/2/2025 21:12,36.898.529,27.290.653
5/2/2025 21:12,36.898.529,27.290.657
5/2/2025 21:12,36.898.525,27.290.655
5/2/2025 21:12,36.898.525,27.290.657
5/2/2025 21:12,36.898.525,27.290.661
5/2/2025 21:13,36.898.525,27.290.661
5/2/2025 21:13,36.898.518,27.290.665
5/2/2025 21:13,36.898.518,27.290.663
5/2/2025 21:13,36.898.518,27.290.657
5/2/2025 21:13,36.898.518,27.290.649
5/2/2025 21:13,36.898.518,27.290.649
5/2/2025 21:13,36.898.518,27.290.644
5/2/2025 21:13,36.898.514,27.290.646
5/2/2025 21:13,36.898.510,27.290.651
5/2/2025 21:13,36.898.510,27.290.649
5/2/2025 21:13,36.898.510,27.290.649
5/2/2025 21:13,36.898.514,27.290.638
5/2/2025 21:13,36.898.514,27.290.623
5/2/2025 21:13,36.898.514,27.290.621
5/2/2025 21:13,36.898.514,27.290.621
5/2/2025 21:13,36.898.514,27.290.621
5/2/2025 21:13,36.898.510,27.290.621
5/2/2025 21:13,36.898.510,27.290.623
5/2/2025 21:13,36.898.510,27.290.623
5/2/2025 21:13,36.898.510,27.290.623
5/2/2025 21:13,36.898.510,27.290.623
5/2/2025 21:13,36.898.510,27.290.623
5/2/2025 21:13,36.898.510,27.290.627
5/2/2025 21:13,36.898.518,27.290.625
5/2/2025 21:13,36.898.506,27.290.609
5/2/2025 21:13,36.898.506,27.290.609
5/2/2025 21:13,36.898.495,27.290.596
5/2/2025 21:13,36.898.491,27.290.604
5/2/2025 21:13,36.898.495,27.290.598
5/2/2025 21:13,36.898.495,27.290.598
5/2/2025 21:13,36.898.499,27.290.583
5/2/2025 21:13,36.898.499,27.290.579
5/2/2025 21:13,36.898.499,27.290.575
5/2/2025 21:13,36.898.502,27.290.585
5/2/2025 21:13,36.898.502,27.290.585
5/2/2025 21:13,36.898.506,27.290.588
5/2/2025 21:13,36.898.506,27.290.586
5/2/2025 21:13,36.898.506,27.290.583
5/2/2025 21:13,36.898.510,27.290.581
5/2/2025 21:13,36.898.510,27.290.581
5/2/2025 21:13,36.898.514,27.290.586
5/2/2025 21:13,36.898.514,27.290.585
5/2/2025 21:13,36.898.514,27.290.588
5/2/2025 21:13,36.898.514,27.290.586
5/2/2025 21:13,36.898.514,27.290.586
5/2/2025 21:13,36.898.514,27.290.590
5/2/2025 21:13,36.898.514,27.290.588
5/2/2025 21:13,36.898.514,27.290.588
5/2/2025 21:13,36.898.514,27.290.585
5/2/2025 21:13,36.898.514,27.290.585
5/2/2025 21:14,36.898.518,27.290.579
5/2/2025 21:14,36.898.518,27.290.579
5/2/2025 21:14,36.898.518,27.290.579
5/2/2025 21:14,36.898.518,27.290.579
5/2/2025 21:14,36.898.518,27.290.579
5/2/2025 21:14,36.898.525,27.290.575
5/2/2025 21:14,36.898.525,27.290.573
5/2/2025 21:14,36.898.525,27.290.571
5/2/2025 21:14,36.898.533,27.290.573
5/2/2025 21:14,36.898.533,27.290.573
5/2/2025 21:14,36.898.540,27.290.567
5/2/2025 21:14,36.898.540,27.290.565
5/2/2025 21:14,36.898.544,27.290.565
5/2/2025 21:14,36.898.544,27.290.560
5/2/2025 21:14,36.898.544,27.290.560
5/2/2025 21:14,36.898.544,27.290.565
5/2/2025 21:14,36.898.544,27.290.565
5/2/2025 21:14,36.898.544,27.290.567
5/2/2025 21:14,36.898.544,27.290.573
5/2/2025 21:14,36.898.544,27.290.573
5/2/2025 21:14,36.898.544,27.290.579
5/2/2025 21:14,36.898.544,27.290.581
5/2/2025 21:14,36.898.544,27.290.585
5/2/2025 21:14,36.898.544,27.290.585
5/2/2025 21:14,36.898.552,27.290.585
5/2/2025 21:14,36.898.560,27.290.588
5/2/2025 21:14,36.898.563,27.290.590
5/2/2025 21:14,36.898.563,27.290.594
5/2/2025 21:14,36.898.563,27.290.594
5/2/2025 21:14,36.898.560,27.290.594
5/2/2025 21:14,36.898.556,27.290.594
5/2/2025 21:14,36.898.556,27.290.598
5/2/2025 21:14,36.898.556,27.290.598
5/2/2025 21:14,36.898.556,27.290.598
5/2/2025 21:14,36.898.552,27.290.606
5/2/2025 21:14,36.898.552,27.290.607
5/2/2025 21:14,36.898.548,27.290.611
5/2/2025 21:14,36.898.548,27.290.615
5/2/2025 21:14,36.898.548,27.290.615
5/2/2025 21:14,36.898.548,27.290.613
5/2/2025 21:14,36.898.552,27.290.613
5/2/2025 21:14,36.898.548,27.290.617
5/2/2025 21:14,36.898.548,27.290.611
5/2/2025 21:14,36.898.548,27.290.611
5/2/2025 21:14,36.898.552,27.290.611
5/2/2025 21:14,36.898.548,27.290.613
5/2/2025 21:14,36.898.544,27.290.617
5/2/2025 21:14,36.898.548,27.290.613
5/2/2025 21:14,36.898.548,27.290.613
5/2/2025 21:14,36.898.544,27.290.609
5/2/2025 21:15,36.898.544,27.290.604
5/2/2025 21:15,36.898.544,27.290.594
5/2/2025 21:15,36.898.544,27.290.588
5/2/2025 21:15,36.898.544,27.290.588
5/2/2025 21:15,36.898.537,27.290.592
5/2/2025 21:15,36.898.537,27.290.590
5/2/2025 21:15,36.898.537,27.290.590
5/2/2025 21:15,36.898.537,27.290.590
5/2/2025 21:15,36.898.529,27.290.583
5/2/2025 21:15,36.898.537,27.290.586
5/2/2025 21:15,36.898.540,27.290.585
5/2/2025 21:15,36.898.540,27.290.586
5/2/2025 21:15,36.898.540,27.290.586
5/2/2025 21:15,36.898.544,27.290.586
5/2/2025 21:15,36.898.548,27.290.590
5/2/2025 21:15,36.898.548,27.290.585
5/2/2025 21:15,36.898.552,27.290.583
5/2/2025 21:15,36.898.552,27.290.583
5/2/2025 21:15,36.898.548,27.290.596
5/2/2025 21:15,36.898.548,27.290.594
5/2/2025 21:15,36.898.548,27.290.598
5/2/2025 21:15,36.898.548,27.290.606
5/2/2025 21:15,36.898.548,27.290.606
5/2/2025 21:15,36.898.552,27.290.611
5/2/2025 21:15,36.898.552,27.290.609
5/2/2025 21:15,36.898.556,27.290.607
5/2/2025 21:15,36.898.556,27.290.609
5/2/2025 21:15,36.898.556,27.290.609
5/2/2025 21:15,36.898.556,27.290.604
5/2/2025 21:15,36.898.556,27.290.607
5/2/2025 21:15,36.898.556,27.290.609
5/2/2025 21:15,36.898.560,27.290.604
5/2/2025 21:15,36.898.560,27.290.604
5/2/2025 21:15,36.898.556,27.290.607
5/2/2025 21:15,36.898.556,27.290.609
5/2/2025 21:15,36.898.556,27.290.609
5/2/2025 21:15,36.898.560,27.290.600
5/2/2025 21:15,36.898.560,27.290.598
5/2/2025 21:15,36.898.560,27.290.594
5/2/2025 21:15,36.898.560,27.290.594
5/2/2025 21:15,36.898.560,27.290.594
5/2/2025 21:15,36.898.556,27.290.594
5/2/2025 21:15,36.898.556,27.290.594
5/2/2025 21:15,36.898.556,27.290.592
5/2/2025 21:15,36.898.556,27.290.588
5/2/2025 21:15,36.898.556,27.290.588
5/2/2025 21:15,36.898.552,27.290.592
5/2/2025 21:16,36.898.548,27.290.600
5/2/2025 21:16,36.898.548,27.290.602
5/2/2025 21:16,36.898.548,27.290.602
5/2/2025 21:16,36.898.548,27.290.598
5/2/2025 21:16,36.898.548,27.290.596
5/2/2025 21:16,36.898.544,27.290.598
5/2/2025 21:16,36.898.544,27.290.598
5/2/2025 21:16,36.898.544,27.290.598
5/2/2025 21:16,36.898.540,27.290.596
5/2/2025 21:16,36.898.540,27.290.586
5/2/2025 21:16,36.898.537,27.290.590
5/2/2025 21:16,36.898.537,27.290.586
5/2/2025 21:16,36.898.537,27.290.586
5/2/2025 21:16,36.898.540,27.290.579
5/2/2025 21:16,36.898.540,27.290.577
5/2/2025 21:16,36.898.540,27.290.575
5/2/2025 21:16,36.898.540,27.290.575
5/2/2025 21:16,36.898.540,27.290.575
5/2/2025 21:16,36.898.537,27.290.573
5/2/2025 21:16,36.898.533,27.290.583
5/2/2025 21:16,36.898.529,27.290.588
5/2/2025 21:16,36.898.525,27.290.590
5/2/2025 21:16,36.898.525,27.290.590
5/2/2025 21:16,36.898.525,27.290.590
5/2/2025 21:16,36.898.525,27.290.590
5/2/2025 21:16,36.898.521,27.290.594
5/2/2025 21:16,36.898.518,27.290.600
5/2/2025 21:16,36.898.518,27.290.600
5/2/2025 21:16,36.898.518,27.290.604
5/2/2025 21:16,36.898.521,27.290.600
5/2/2025 21:16,36.898.521,27.290.604
5/2/2025 21:16,36.898.521,27.290.602
5/2/2025 21:16,36.898.521,27.290.602
5/2/2025 21:16,36.898.521,27.290.602
5/2/2025 21:16,36.898.518,27.290.604
5/2/2025 21:16,36.898.518,27.290.604
5/2/2025 21:16,36.898.518,27.290.604
5/2/2025 21:16,36.898.518,27.290.604
5/2/2025 21:16,36.898.518,27.290.588
5/2/2025 21:16,36.898.518,27.290.585
5/2/2025 21:16,36.898.521,27.290.583
5/2/2025 21:16,36.898.518,27.290.579
5/2/2025 21:16,36.898.518,27.290.579
5/2/2025 21:16,36.898.525,27.290.579
5/2/2025 21:16,36.898.525,27.290.575
5/2/2025 21:16,36.898.529,27.290.575
5/2/2025 21:16,36.898.529,27.290.575
5/2/2025 21:16,36.898.529,27.290.575
5/2/2025 21:16,36.898.533,27.290.573
5/2/2025 21:16,36.898.533,27.290.571
5/2/2025 21:17,36.898.533,27.290.573
5/2/2025 21:17,36.898.533,27.290.573
5/2/2025 21:17,36.898.533,27.290.573
5/2/2025 21:17,36.898.540,27.290.588
5/2/2025 21:17,36.898.533,27.290.594
5/2/2025 21:17,36.898.533,27.290.590
5/2/2025 21:17,36.898.533,27.290.590
5/2/2025 21:17,36.898.533,27.290.590
5/2/2025 21:17,36.898.525,27.290.596
5/2/2025 21:17,36.898.525,27.290.594
5/2/2025 21:17,36.898.529,27.290.583
5/2/2025 21:17,36.898.529,27.290.583
5/2/2025 21:17,36.898.529,27.290.588
5/2/2025 21:17,36.898.529,27.290.590
5/2/2025 21:17,36.898.533,27.290.592
5/2/2025 21:17,36.898.537,27.290.594
5/2/2025 21:17,36.898.537,27.290.594
5/2/2025 21:17,36.898.537,27.290.602
5/2/2025 21:17,36.898.537,27.290.602
5/2/2025 21:17,36.898.529,27.290.613
5/2/2025 21:17,36.898.529,27.290.615
5/2/2025 21:17,36.898.529,27.290.615
5/2/2025 21:17,36.898.529,27.290.607
5/2/2025 21:17,36.898.529,27.290.607
5/2/2025 21:17,36.898.529,27.290.606
5/2/2025 21:17,36.898.533,27.290.602
5/2/2025 21:17,36.898.533,27.290.602
5/2/2025 21:17,36.898.537,27.290.596
5/2/2025 21:17,36.898.540,27.290.592
5/2/2025 21:17,36.898.544,27.290.590
5/2/2025 21:17,36.898.544,27.290.592
5/2/2025 21:17,36.898.544,27.290.592
5/2/2025 21:17,36.898.552,27.290.586
5/2/2025 21:17,36.898.552,27.290.588
5/2/2025 21:17,36.898.556,27.290.588
5/2/2025 21:17,36.898.552,27.290.596
5/2/2025 21:17,36.898.552,27.290.596
5/2/2025 21:17,36.898.548,27.290.611
5/2/2025 21:17,36.898.548,27.290.615
5/2/2025 21:17,36.898.544,27.290.617
5/2/2025 21:17,36.898.544,27.290.617
5/2/2025 21:17,36.898.544,27.290.617
5/2/2025 21:17,36.898.548,27.290.621
5/2/2025 21:17,36.898.548,27.290.621
5/2/2025 21:17,36.898.548,27.290.621
5/2/2025 21:17,36.898.548,27.290.621
5/2/2025 21:17,36.898.548,27.290.621
5/2/2025 21:17,36.898.556,27.290.611
5/2/2025 21:17,36.898.556,27.290.607
5/2/2025 21:17,36.898.560,27.290.606
5/2/2025 21:18,36.898.560,27.290.606
5/2/2025 21:18,36.898.563,27.290.600
5/2/2025 21:18,36.898.563,27.290.600
5/2/2025 21:18,36.898.563,27.290.602
5/2/2025 21:18,36.898.563,27.290.602
5/2/2025 21:18,36.898.563,27.290.604
5/2/2025 21:18,36.898.563,27.290.606
5/2/2025 21:18,36.898.563,27.290.606
5/2/2025 21:18,36.898.563,27.290.606
5/2/2025 21:18,36.898.571,27.290.602
5/2/2025 21:18,36.898.571,27.290.602
5/2/2025 21:18,36.898.571,27.290.602
5/2/2025 21:18,36.898.571,27.290.602
5/2/2025 21:18,36.898.571,27.290.609
5/2/2025 21:18,36.898.571,27.290.607
5/2/2025 21:18,36.898.567,27.290.607
5/2/2025 21:18,36.898.567,27.290.607
5/2/2025 21:18,36.898.567,27.290.613
5/2/2025 21:18,36.898.563,27.290.615
5/2/2025 21:18,36.898.563,27.290.613
5/2/2025 21:18,36.898.556,27.290.623
5/2/2025 21:18,36.898.556,27.290.623
5/2/2025 21:18,36.898.552,27.290.621
5/2/2025 21:18,36.898.552,27.290.619
5/2/2025 21:18,36.898.548,27.290.623
5/2/2025 21:18,36.898.548,27.290.623
5/2/2025 21:18,36.898.548,27.290.623
5/2/2025 21:18,36.898.544,27.290.625
5/2/2025 21:18,36.898.544,27.290.623
5/2/2025 21:18,36.898.544,27.290.623
5/2/2025 21:18,36.898.544,27.290.623
5/2/2025 21:18,36.898.544,27.290.623
5/2/2025 21:18,36.898.544,27.290.623
5/2/2025 21:18,36.898.540,27.290.623
5/2/2025 21:18,36.898.540,27.290.625
5/2/2025 21:18,36.898.540,27.290.625
5/2/2025 21:18,36.898.540,27.290.625
5/2/2025 21:18,36.898.537,27.290.628
5/2/2025 21:18,36.898.537,27.290.628
5/2/2025 21:18,36.898.537,27.290.628
5/2/2025 21:18,36.898.537,27.290.628
5/2/2025 21:18,36.898.537,27.290.628
5/2/2025 21:18,36.898.537,27.290.632
5/2/2025 21:18,36.898.537,27.290.632
5/2/2025 21:18,36.898.537,27.290.636
5/2/2025 21:18,36.898.537,27.290.636
5/2/2025 21:18,36.898.537,27.290.636
5/2/2025 21:18,36.898.548,27.290.646
5/2/2025 21:18,36.898.552,27.290.648
5/2/2025 21:19,36.898.552,27.290.649
5/2/2025 21:19,36.898.552,27.290.649
5/2/2025 21:19,36.898.548,27.290.653
5/2/2025 21:19,36.898.544,27.290.653
5/2/2025 21:19,36.898.544,27.290.653
5/2/2025 21:19,36.898.548,27.290.653
5/2/2025 21:19,36.898.548,27.290.653
5/2/2025 21:19,36.898.548,27.290.653
5/2/2025 21:19,36.898.548,27.290.655
5/2/2025 21:19,36.898.548,27.290.653
5/2/2025 21:19,36.898.548,27.290.649
5/2/2025 21:19,36.898.548,27.290.649
5/2/2025 21:19,36.898.552,27.290.649
5/2/2025 21:19,36.898.552,27.290.651
5/2/2025 21:19,36.898.552,27.290.653
5/2/2025 21:19,36.898.548,27.290.653
5/2/2025 21:19,36.898.548,27.290.653
5/2/2025 21:19,36.898.544,27.290.649
5/2/2025 21:19,36.898.544,27.290.648
5/2/2025 21:19,36.898.540,27.290.649
5/2/2025 21:19,36.898.540,27.290.648
5/2/2025 21:19,36.898.540,27.290.648
5/2/2025 21:19,36.898.540,27.290.644
5/2/2025 21:19,36.898.537,27.290.642
5/2/2025 21:19,36.898.537,27.290.640
5/2/2025 21:19,36.898.533,27.290.640
5/2/2025 21:19,36.898.533,27.290.640
5/2/2025 21:19,36.898.529,27.290.646
5/2/2025 21:19,36.898.525,27.290.655
5/2/2025 21:19,36.898.521,27.290.655
5/2/2025 21:19,36.898.518,27.290.655
5/2/2025 21:19,36.898.518,27.290.655
5/2/2025 21:19,36.898.510,27.290.649
5/2/2025 21:19,36.898.510,27.290.648
5/2/2025 21:19,36.898.510,27.290.648
5/2/2025 21:19,36.898.510,27.290.648
5/2/2025 21:19,36.898.510,27.290.648
5/2/2025 21:19,36.898.510,27.290.640
5/2/2025 21:19,36.898.510,27.290.638
5/2/2025 21:19,36.898.510,27.290.640
5/2/2025 21:19,36.898.510,27.290.642
5/2/2025 21:19,36.898.510,27.290.642
5/2/2025 21:19,36.898.514,27.290.646
5/2/2025 21:19,36.898.514,27.290.648
5/2/2025 21:19,36.898.514,27.290.649
5/2/2025 21:19,36.898.514,27.290.649
5/2/2025 21:19,36.898.521,27.290.651
5/2/2025 21:19,36.898.525,27.290.651
5/2/2025 21:19,36.898.525,27.290.653
5/2/2025 21:19,36.898.525,27.290.653
5/2/2025 21:20,36.898.525,27.290.653
5/2/2025 21:20,36.898.529,27.290.655
5/2/2025 21:20,36.898.529,27.290.657
5/2/2025 21:20,36.898.533,27.290.670
5/2/2025 21:20,36.898.533,27.290.670
5/2/2025 21:20,36.898.533,27.290.670
5/2/2025 21:20,36.898.540,27.290.668
5/2/2025 21:20,36.898.544,27.290.670
5/2/2025 21:20,36.898.548,27.290.667
5/2/2025 21:20,36.898.552,27.290.657
5/2/2025 21:20,36.898.552,27.290.657
5/2/2025 21:20,36.898.556,27.290.665
5/2/2025 21:20,36.898.556,27.290.668
5/2/2025 21:20,36.898.556,27.290.672
5/2/2025 21:20,36.898.552,27.290.686
5/2/2025 21:20,36.898.552,27.290.686
5/2/2025 21:20,36.898.548,27.290.699
5/2/2025 21:20,36.898.548,27.290.697
5/2/2025 21:20,36.898.552,27.290.693
5/2/2025 21:20,36.898.552,27.290.691
5/2/2025 21:20,36.898.552,27.290.691
5/2/2025 21:20,36.898.556,27.290.689
5/2/2025 21:20,36.898.556,27.290.691
5/2/2025 21:20,36.898.556,27.290.689
5/2/2025 21:20,36.898.556,27.290.686
5/2/2025 21:20,36.898.556,27.290.686
5/2/2025 21:20,36.898.552,27.290.670
5/2/2025 21:20,36.898.552,27.290.665
5/2/2025 21:20,36.898.552,27.290.667
5/2/2025 21:20,36.898.552,27.290.665
5/2/2025 21:20,36.898.552,27.290.665
5/2/2025 21:20,36.898.548,27.290.661
5/2/2025 21:20,36.898.548,27.290.661
5/2/2025 21:20,36.898.548,27.290.655
5/2/2025 21:20,36.898.548,27.290.653
5/2/2025 21:20,36.898.548,27.290.653
5/2/2025 21:20,36.898.540,27.290.649
5/2/2025 21:20,36.898.540,27.290.649
5/2/2025 21:20,36.898.540,27.290.649
5/2/2025 21:20,36.898.540,27.290.649
5/2/2025 21:20,36.898.548,27.290.634
5/2/2025 21:20,36.898.544,27.290.630
5/2/2025 21:20,36.898.552,27.290.628
5/2/2025 21:20,36.898.552,27.290.627
5/2/2025 21:20,36.898.552,27.290.627
5/2/2025 21:20,36.898.548,27.290.606
5/2/2025 21:20,36.898.552,27.290.600
5/2/2025 21:20,36.898.548,27.290.602
5/2/2025 21:20,36.898.544,27.290.606
5/2/2025 21:20,36.898.544,27.290.606
5/2/2025 21:21,36.898.540,27.290.604
5/2/2025 21:21,36.898.540,27.290.600
5/2/2025 21:21,36.898.548,27.290.577
5/2/2025 21:21,36.898.548,27.290.573
5/2/2025 21:21,36.898.548,27.290.573
5/2/2025 21:21,36.898.544,27.290.577
5/2/2025 21:21,36.898.548,27.290.577
5/2/2025 21:21,36.898.544,27.290.583
5/2/2025 21:21,36.898.540,27.290.586
5/2/2025 21:21,36.898.540,27.290.586
5/2/2025 21:21,36.898.533,27.290.586
5/2/2025 21:21,36.898.529,27.290.583
5/2/2025 21:21,36.898.529,27.290.586
5/2/2025 21:21,36.898.525,27.290.592
5/2/2025 21:21,36.898.525,27.290.592
5/2/2025 21:21,36.898.521,27.290.594
5/2/2025 21:21,36.898.521,27.290.590
5/2/2025 21:21,36.898.521,27.290.588
5/2/2025 21:21,36.898.518,27.290.586
5/2/2025 21:21,36.898.518,27.290.586
5/2/2025 21:21,36.898.510,27.290.588
5/2/2025 21:21,36.898.506,27.290.588
5/2/2025 21:21,36.898.502,27.290.588
5/2/2025 21:21,36.898.506,27.290.583
5/2/2025 21:21,36.898.506,27.290.583
5/2/2025 21:21,36.898.499,27.290.583
5/2/2025 21:21,36.898.499,27.290.581
5/2/2025 21:21,36.898.495,27.290.586
5/2/2025 21:21,36.898.499,27.290.577
5/2/2025 21:21,36.898.499,27.290.577
5/2/2025 21:21,36.898.491,27.290.564
5/2/2025 21:21,36.898.491,27.290.562
5/2/2025 21:21,36.898.491,27.290.560
5/2/2025 21:21,36.898.491,27.290.560
5/2/2025 21:21,36.898.491,27.290.560
5/2/2025 21:21,36.898.491,27.290.564
5/2/2025 21:21,36.898.499,27.290.565
5/2/2025 21:21,36.898.499,27.290.565
5/2/2025 21:21,36.898.499,27.290.565
5/2/2025 21:21,36.898.499,27.290.565
5/2/2025 21:21,36.898.506,27.290.560
5/2/2025 21:21,36.898.506,27.290.560
5/2/2025 21:21,36.898.510,27.290.558
5/2/2025 21:21,36.898.510,27.290.558
5/2/2025 21:21,36.898.514,27.290.556
5/2/2025 21:21,36.898.514,27.290.565
5/2/2025 21:21,36.898.514,27.290.567
5/2/2025 21:21,36.898.510,27.290.571
5/2/2025 21:21,36.898.510,27.290.571
5/2/2025 21:21,36.898.514,27.290.565
5/2/2025 21:22,36.898.514,27.290.565
5/2/2025 21:22,36.898.514,27.290.565
5/2/2025 21:22,36.898.510,27.290.567
5/2/2025 21:22,36.898.510,27.290.567
5/2/2025 21:22,36.898.510,27.290.569
5/2/2025 21:22,36.898.510,27.290.571
5/2/2025 21:22,36.898.510,27.290.571
5/2/2025 21:22,36.898.510,27.290.569
5/2/2025 21:22,36.898.510,27.290.569
5/2/2025 21:22,36.898.510,27.290.565
5/2/2025 21:22,36.898.510,27.290.567
5/2/2025 21:22,36.898.510,27.290.567
5/2/2025 21:22,36.898.506,27.290.569
5/2/2025 21:22,36.898.506,27.290.569
5/2/2025 21:22,36.898.510,27.290.567
5/2/2025 21:22,36.898.510,27.290.569
5/2/2025 21:22,36.898.514,27.290.567
5/2/2025 21:22,36.898.514,27.290.567
5/2/2025 21:22,36.898.514,27.290.567
5/2/2025 21:22,36.898.518,27.290.565
5/2/2025 21:22,36.898.521,27.290.564
5/2/2025 21:22,36.898.521,27.290.567
5/2/2025 21:22,36.898.518,27.290.569
5/2/2025 21:22,36.898.518,27.290.569
5/2/2025 21:22,36.898.514,27.290.575
5/2/2025 21:22,36.898.514,27.290.575
5/2/2025 21:22,36.898.514,27.290.573
5/2/2025 21:22,36.898.514,27.290.573
5/2/2025 21:22,36.898.514,27.290.573
5/2/2025 21:22,36.898.521,27.290.579
5/2/2025 21:22,36.898.521,27.290.579
5/2/2025 21:22,36.898.525,27.290.581
5/2/2025 21:22,36.898.525,27.290.581
5/2/2025 21:22,36.898.525,27.290.581
5/2/2025 21:22,36.898.525,27.290.585
5/2/2025 21:22,36.898.525,27.290.586
5/2/2025 21:22,36.898.525,27.290.590
5/2/2025 21:22,36.898.525,27.290.590
5/2/2025 21:22,36.898.525,27.290.590
5/2/2025 21:22,36.898.540,27.290.583
5/2/2025 21:22,36.898.540,27.290.585
5/2/2025 21:22,36.898.540,27.290.588
5/2/2025 21:22,36.898.540,27.290.588
5/2/2025 21:22,36.898.540,27.290.588
5/2/2025 21:22,36.898.544,27.290.604
5/2/2025 21:22,36.898.544,27.290.604
5/2/2025 21:22,36.898.540,27.290.606
5/2/2025 21:22,36.898.540,27.290.606
5/2/2025 21:22,36.898.556,27.290.617
5/2/2025 21:23,36.898.560,27.290.619
5/2/2025 21:23,36.898.560,27.290.621
5/2/2025 21:23,36.898.560,27.290.619
5/2/2025 21:23,36.898.560,27.290.619
5/2/2025 21:23,36.898.548,27.290.611
5/2/2025 21:23,36.898.548,27.290.611
5/2/2025 21:23,36.898.567,27.290.642
5/2/2025 21:23,36.898.563,27.290.649
5/2/2025 21:23,36.898.563,27.290.649
5/2/2025 21:23,36.898.552,27.290.634
5/2/2025 21:23,36.898.548,27.290.632
5/2/2025 21:23,36.898.548,27.290.630
5/2/2025 21:23,36.898.552,27.290.630
5/2/2025 21:23,36.898.552,27.290.630
5/2/2025 21:23,36.898.552,27.290.627
5/2/2025 21:23,36.898.544,27.290.623
5/2/2025 21:23,36.898.544,27.290.623
5/2/2025 21:23,36.898.544,27.290.625
5/2/2025 21:23,36.898.544,27.290.625
5/2/2025 21:23,36.898.544,27.290.625
5/2/2025 21:23,36.898.544,27.290.625
5/2/2025 21:23,36.898.544,27.290.625
5/2/2025 21:23,36.898.544,27.290.625
5/2/2025 21:23,36.898.544,27.290.625
5/2/2025 21:23,36.898.548,27.290.621
5/2/2025 21:23,36.898.544,27.290.621
5/2/2025 21:23,36.898.544,27.290.621
5/2/2025 21:23,36.898.548,27.290.617
5/2/2025 21:23,36.898.548,27.290.617
5/2/2025 21:23,36.898.548,27.290.613
5/2/2025 21:23,36.898.552,27.290.613
5/2/2025 21:23,36.898.552,27.290.611
5/2/2025 21:23,36.898.552,27.290.613
5/2/2025 21:23,36.898.552,27.290.613
5/2/2025 21:23,36.898.552,27.290.606
5/2/2025 21:23,36.898.552,27.290.606
5/2/2025 21:23,36.898.552,27.290.606
5/2/2025 21:23,36.898.556,27.290.606
5/2/2025 21:23,36.898.556,27.290.606
5/2/2025 21:23,36.898.563,27.290.604
5/2/2025 21:23,36.898.563,27.290.602
5/2/2025 21:23,36.898.567,27.290.602
5/2/2025 21:23,36.898.567,27.290.602
5/2/2025 21:23,36.898.567,27.290.602
5/2/2025 21:23,36.898.575,27.290.604
5/2/2025 21:23,36.898.579,27.290.604
5/2/2025 21:23,36.898.579,27.290.604
5/2/2025 21:23,36.898.579,27.290.604
5/2/2025 21:23,36.898.579,27.290.604
5/2/2025 21:23,36.898.582,27.290.606
5/2/2025 21:24,36.898.582,27.290.611
5/2/2025 21:24,36.898.579,27.290.615
5/2/2025 21:24,36.898.579,27.290.615
5/2/2025 21:24,36.898.579,27.290.611
5/2/2025 21:24,36.898.582,27.290.609
5/2/2025 21:24,36.898.582,27.290.611
5/2/2025 21:24,36.898.586,27.290.606
5/2/2025 21:24,36.898.586,27.290.606
5/2/2025 21:24,36.898.594,27.290.596
5/2/2025 21:24,36.898.594,27.290.598
5/2/2025 21:24,36.898.598,27.290.602
5/2/2025 21:24,36.898.609,27.290.609
5/2/2025 21:24,36.898.609,27.290.609
5/2/2025 21:24,36.898.609,27.290.619
5/2/2025 21:24,36.898.609,27.290.615
5/2/2025 21:24,36.898.609,27.290.613
5/2/2025 21:24,36.898.613,27.290.609
5/2/2025 21:24,36.898.613,27.290.609
5/2/2025 21:24,36.898.628,27.290.596
5/2/2025 21:24,36.898.628,27.290.594
5/2/2025 21:24,36.898.628,27.290.596
5/2/2025 21:24,36.898.632,27.290.602
5/2/2025 21:24,36.898.632,27.290.602
5/2/2025 21:24,36.898.647,27.290.596
5/2/2025 21:24,36.898.647,27.290.594
5/2/2025 21:24,36.898.651,27.290.590
5/2/2025 21:24,36.898.651,27.290.590
5/2/2025 21:24,36.898.651,27.290.590
5/2/2025 21:24,36.898.651,27.290.594
5/2/2025 21:24,36.898.655,27.290.585
5/2/2025 21:24,36.898.659,27.290.585
5/2/2025 21:24,36.898.647,27.290.590
5/2/2025 21:24,36.898.647,27.290.590
5/2/2025 21:24,36.898.663,27.290.600
5/2/2025 21:24,36.898.666,27.290.600
5/2/2025 21:24,36.898.670,27.290.600
5/2/2025 21:24,36.898.670,27.290.600
5/2/2025 21:24,36.898.670,27.290.600
5/2/2025 21:24,36.898.685,27.290.607
5/2/2025 21:24,36.898.693,27.290.607
5/2/2025 21:24,36.898.693,27.290.619
5/2/2025 21:24,36.898.693,27.290.619
5/2/2025 21:24,36.898.693,27.290.619
5/2/2025 21:24,36.898.701,27.290.648
5/2/2025 21:24,36.898.697,27.290.653
5/2/2025 21:24,36.898.693,27.290.655
5/2/2025 21:24,36.898.693,27.290.655
5/2/2025 21:24,36.898.693,27.290.655
5/2/2025 21:24,36.898.689,27.290.672
5/2/2025 21:24,36.898.689,27.290.674
5/2/2025 21:25,36.898.689,27.290.676
5/2/2025 21:25,36.898.689,27.290.676
5/2/2025 21:25,36.898.689,27.290.676
5/2/2025 21:25,36.898.685,27.290.703
5/2/2025 21:25,36.898.682,27.290.720
5/2/2025 21:25,36.898.682,27.290.731
5/2/2025 21:25,36.898.682,27.290.731
5/2/2025 21:25,36.898.678,27.290.762
5/2/2025 21:25,36.898.670,27.290.773
5/2/2025 21:25,36.898.670,27.290.789
5/2/2025 21:25,36.898.670,27.290.806
5/2/2025 21:25,36.898.670,27.290.806
5/2/2025 21:25,36.898.674,27.290.834
5/2/2025 21:25,36.898.678,27.290.850
5/2/2025 21:25,36.898.678,27.290.863
5/2/2025 21:25,36.898.678,27.290.878
5/2/2025 21:25,36.898.678,27.290.878
5/2/2025 21:25,36.898.685,27.290.947
5/2/2025 21:25,36.898.689,27.290.958
5/2/2025 21:25,36.898.689,27.290.966
5/2/2025 21:25,36.898.693,27.290.976
5/2/2025 21:25,36.898.693,27.290.976
5/2/2025 21:25,36.898.701,27.290.998
5/2/2025 21:25,36.898.705,27.291.004
5/2/2025 21:25,36.898.708,27.291.010
5/2/2025 21:25,36.898.708,27.291.018
5/2/2025 21:25,36.898.708,27.291.018
5/2/2025 21:25,36.898.716,27.291.031
5/2/2025 21:25,36.898.720,27.291.035
5/2/2025 21:25,36.898.720,27.291.046
5/2/2025 21:25,36.898.720,27.291.046
5/2/2025 21:25,36.898.720,27.291.046
5/2/2025 21:25,36.898.724,27.291.088
5/2/2025 21:25,36.898.724,27.291.098
5/2/2025 21:25,36.898.724,27.291.107
5/2/2025 21:25,36.898.727,27.291.115
5/2/2025 21:25,36.898.727,27.291.115
5/2/2025 21:25,36.898.727,27.291.140
5/2/2025 21:25,36.898.731,27.291.149
5/2/2025 21:25,36.898.731,27.291.155
5/2/2025 21:25,36.898.731,27.291.155
5/2/2025 21:25,36.898.731,27.291.155
5/2/2025 21:25,36.898.743,27.291.170
5/2/2025 21:25,36.898.746,27.291.178
5/2/2025 21:25,36.898.750,27.291.185
5/2/2025 21:25,36.898.750,27.291.185
5/2/2025 21:25,36.898.750,27.291.185
5/2/2025 21:25,36.898.766,27.291.208
5/2/2025 21:25,36.898.766,27.291.210
5/2/2025 21:25,36.898.769,27.291.216
5/2/2025 21:26,36.898.769,27.291.216
5/2/2025 21:26,36.898.781,27.291.224
5/2/2025 21:26,36.898.785,27.291.233
5/2/2025 21:26,36.898.788,27.291.233
5/2/2025 21:26,36.898.792,27.291.235
5/2/2025 21:26,36.898.792,27.291.235
5/2/2025 21:26,36.898.792,27.291.235
5/2/2025 21:26,36.898.811,27.291.250
5/2/2025 21:26,36.898.815,27.291.254
5/2/2025 21:26,36.898.819,27.291.260
5/2/2025 21:26,36.898.819,27.291.260
5/2/2025 21:26,36.898.830,27.291.265
5/2/2025 21:26,36.898.834,27.291.267
5/2/2025 21:26,36.898.842,27.291.262
5/2/2025 21:26,36.898.846,27.291.260
5/2/2025 21:26,36.898.846,27.291.260
5/2/2025 21:26,36.898.869,27.291.258
5/2/2025 21:26,36.898.872,27.291.252
5/2/2025 21:26,36.898.880,27.291.250
5/2/2025 21:26,36.898.888,27.291.246
5/2/2025 21:26,36.898.888,27.291.246
5/2/2025 21:26,36.898.914,27.291.245
5/2/2025 21:26,36.898.922,27.291.243
5/2/2025 21:26,36.898.933,27.291.245
5/2/2025 21:26,36.898.945,27.291.237
5/2/2025 21:26,36.898.945,27.291.237
5/2/2025 21:26,36.898.975,27.291.231
5/2/2025 21:26,36.898.979,27.291.218
5/2/2025 21:26,36.898.991,27.291.212
5/2/2025 21:26,36.898.994,27.291.204
5/2/2025 21:26,36.898.994,27.291.204
5/2/2025 21:26,36.899.017,27.291.203
5/2/2025 21:26,36.899.025,27.291.193
5/2/2025 21:26,36.899.033,27.291.191
5/2/2025 21:26,36.899.033,27.291.191
5/2/2025 21:26,36.899.033,27.291.191
5/2/2025 21:26,36.899.063,27.291.193
5/2/2025 21:26,36.899.071,27.291.195
5/2/2025 21:26,36.899.078,27.291.193
5/2/2025 21:26,36.899.078,27.291.193
5/2/2025 21:26,36.899.078,27.291.193
5/2/2025 21:26,36.899.113,27.291.178
5/2/2025 21:26,36.899.120,27.291.178
5/2/2025 21:26,36.899.128,27.291.172
5/2/2025 21:26,36.899.128,27.291.172
5/2/2025 21:26,36.899.128,27.291.172
5/2/2025 21:26,36.899.158,27.291.170
5/2/2025 21:26,36.899.170,27.291.157
5/2/2025 21:26,36.899.178,27.291.157
5/2/2025 21:26,36.899.178,27.291.157
5/2/2025 21:27,36.899.200,27.291.151
5/2/2025 21:27,36.899.204,27.291.153
5/2/2025 21:27,36.899.212,27.291.151
5/2/2025 21:27,36.899.220,27.291.147
5/2/2025 21:27,36.899.220,27.291.147
5/2/2025 21:27,36.899.235,27.291.138
5/2/2025 21:27,36.899.242,27.291.134
5/2/2025 21:27,36.899.250,27.291.128
5/2/2025 21:27,36.899.258,27.291.124
5/2/2025 21:27,36.899.258,27.291.124
5/2/2025 21:27,36.899.273,27.291.134
5/2/2025 21:27,36.899.277,27.291.119
5/2/2025 21:27,36.899.281,27.291.107
5/2/2025 21:27,36.899.292,27.291.105
5/2/2025 21:27,36.899.292,27.291.105
5/2/2025 21:27,36.899.311,27.291.080
5/2/2025 21:27,36.899.319,27.291.075
5/2/2025 21:27,36.899.323,27.291.067
5/2/2025 21:27,36.899.330,27.291.065
5/2/2025 21:27,36.899.330,27.291.065
5/2/2025 21:27,36.899.342,27.291.033
5/2/2025 21:27,36.899.349,27.291.029
5/2/2025 21:27,36.899.357,27.291.023
5/2/2025 21:27,36.899.368,27.291.014
5/2/2025 21:27,36.899.368,27.291.014
5/2/2025 21:27,36.899.391,27.290.985
5/2/2025 21:27,36.899.395,27.290.979
5/2/2025 21:27,36.899.403,27.290.987
5/2/2025 21:27,36.899.403,27.290.987
5/2/2025 21:27,36.899.403,27.290.987
5/2/2025 21:27,36.899.429,27.290.974
5/2/2025 21:27,36.899.433,27.290.970
5/2/2025 21:27,36.899.441,27.290.966
5/2/2025 21:27,36.899.448,27.290.960
5/2/2025 21:27,36.899.448,27.290.960
5/2/2025 21:27,36.899.467,27.290.937
5/2/2025 21:27,36.899.471,27.290.937
5/2/2025 21:27,36.899.479,27.290.937
5/2/2025 21:27,36.899.479,27.290.937
5/2/2025 21:27,36.899.479,27.290.937
5/2/2025 21:27,36.899.506,27.290.941
5/2/2025 21:27,36.899.517,27.290.947
5/2/2025 21:27,36.899.521,27.290.949
5/2/2025 21:27,36.899.521,27.290.949
5/2/2025 21:27,36.899.521,27.290.949
5/2/2025 21:27,36.899.540,27.290.953
5/2/2025 21:27,36.899.544,27.290.953
5/2/2025 21:27,36.899.548,27.290.953
5/2/2025 21:27,36.899.548,27.290.953
5/2/2025 21:27,36.899.567,27.290.960
5/2/2025 21:28,36.899.570,27.290.964
5/2/2025 21:28,36.899.574,27.290.970
5/2/2025 21:28,36.899.578,27.290.976
5/2/2025 21:28,36.899.578,27.290.976
5/2/2025 21:28,36.899.593,27.290.991
5/2/2025 21:28,36.899.597,27.290.993
5/2/2025 21:28,36.899.601,27.290.995
5/2/2025 21:28,36.899.609,27.290.997
5/2/2025 21:28,36.899.609,27.290.997
5/2/2025 21:28,36.899.624,27.291.000
5/2/2025 21:28,36.899.628,27.290.998
5/2/2025 21:28,36.899.632,27.290.987
5/2/2025 21:28,36.899.635,27.290.991
5/2/2025 21:28,36.899.635,27.290.991
5/2/2025 21:28,36.899.654,27.290.998
5/2/2025 21:28,36.899.658,27.291.000
5/2/2025 21:28,36.899.662,27.291.000
5/2/2025 21:28,36.899.670,27.291.000
5/2/2025 21:28,36.899.670,27.291.000
5/2/2025 21:28,36.899.685,27.290.993
5/2/2025 21:28,36.899.693,27.290.987
5/2/2025 21:28,36.899.696,27.290.985
5/2/2025 21:28,36.899.700,27.290.981
5/2/2025 21:28,36.899.700,27.290.981
5/2/2025 21:28,36.899.712,27.290.972
5/2/2025 21:28,36.899.715,27.290.970
5/2/2025 21:28,36.899.719,27.290.964
5/2/2025 21:28,36.899.727,27.290.956
5/2/2025 21:28,36.899.727,27.290.956
5/2/2025 21:28,36.899.738,27.290.945
5/2/2025 21:28,36.899.742,27.290.939
5/2/2025 21:28,36.899.742,27.290.936
5/2/2025 21:28,36.899.742,27.290.936
5/2/2025 21:28,36.899.742,27.290.936
5/2/2025 21:28,36.899.761,27.290.903
5/2/2025 21:28,36.899.765,27.290.897
5/2/2025 21:28,36.899.765,27.290.894
5/2/2025 21:28,36.899.769,27.290.888
5/2/2025 21:28,36.899.769,27.290.888
5/2/2025 21:28,36.899.773,27.290.882
5/2/2025 21:28,36.899.776,27.290.878
5/2/2025 21:28,36.899.780,27.290.869
5/2/2025 21:28,36.899.780,27.290.869
5/2/2025 21:28,36.899.796,27.290.848
5/2/2025 21:28,36.899.799,27.290.840
5/2/2025 21:28,36.899.799,27.290.834
5/2/2025 21:28,36.899.803,27.290.831
5/2/2025 21:28,36.899.803,27.290.831
5/2/2025 21:28,36.899.815,27.290.817
5/2/2025 21:29,36.899.818,27.290.812
5/2/2025 21:29,36.899.822,27.290.806
5/2/2025 21:29,36.899.826,27.290.800
5/2/2025 21:29,36.899.826,27.290.800
5/2/2025 21:29,36.899.837,27.290.783
5/2/2025 21:29,36.899.841,27.290.779
5/2/2025 21:29,36.899.845,27.290.773
5/2/2025 21:29,36.899.849,27.290.768
5/2/2025 21:29,36.899.849,27.290.768
5/2/2025 21:29,36.899.860,27.290.762
5/2/2025 21:29,36.899.864,27.290.756
5/2/2025 21:29,36.899.868,27.290.751
5/2/2025 21:29,36.899.872,27.290.743
5/2/2025 21:29,36.899.872,27.290.743
5/2/2025 21:29,36.899.887,27.290.730
5/2/2025 21:29,36.899.891,27.290.724
5/2/2025 21:29,36.899.895,27.290.720
5/2/2025 21:29,36.899.899,27.290.714
5/2/2025 21:29,36.899.899,27.290.714
5/2/2025 21:29,36.899.910,27.290.703
5/2/2025 21:29,36.899.914,27.290.697
5/2/2025 21:29,36.899.918,27.290.695
5/2/2025 21:29,36.899.921,27.290.689
5/2/2025 21:29,36.899.921,27.290.689
5/2/2025 21:29,36.899.937,27.290.676
5/2/2025 21:29,36.899.937,27.290.674
5/2/2025 21:29,36.899.940,27.290.670
5/2/2025 21:29,36.899.940,27.290.670
5/2/2025 21:29,36.899.940,27.290.670
5/2/2025 21:29,36.899.956,27.290.659
5/2/2025 21:29,36.899.960,27.290.653
5/2/2025 21:29,36.899.963,27.290.651
5/2/2025 21:29,36.899.963,27.290.651
5/2/2025 21:29,36.899.963,27.290.651
5/2/2025 21:29,36.899.975,27.290.630
5/2/2025 21:29,36.899.982,27.290.621
5/2/2025 21:29,36.899.986,27.290.615
5/2/2025 21:29,36.899.986,27.290.615
5/2/2025 21:29,36.899.994,27.290.607
5/2/2025 21:29,36.899.998,27.290.604
5/2/2025 21:29,36.900.002,27.290.598
5/2/2025 21:29,36.900.005,27.290.592
5/2/2025 21:29,36.900.005,27.290.592
5/2/2025 21:29,36.900.005,27.290.592
5/2/2025 21:29,36.900.013,27.290.571
5/2/2025 21:29,36.900.013,27.290.564
5/2/2025 21:29,36.900.013,27.290.558
5/2/2025 21:29,36.900.013,27.290.558
5/2/2025 21:29,36.900.017,27.290.535
5/2/2025 21:29,36.900.021,27.290.524
5/2/2025 21:30,36.900.024,27.290.512
5/2/2025 21:30,36.900.028,27.290.503
5/2/2025 21:30,36.900.028,27.290.503
5/2/2025 21:30,36.900.036,27.290.468
5/2/2025 21:30,36.900.040,27.290.457
5/2/2025 21:30,36.900.040,27.290.445
5/2/2025 21:30,36.900.047,27.290.440
5/2/2025 21:30,36.900.047,27.290.440
5/2/2025 21:30,36.900.066,27.290.413
5/2/2025 21:30,36.900.070,27.290.403
5/2/2025 21:30,36.900.074,27.290.390
5/2/2025 21:30,36.900.074,27.290.382
5/2/2025 21:30,36.900.074,27.290.382
5/2/2025 21:30,36.900.082,27.290.342
5/2/2025 21:30,36.900.085,27.290.329
5/2/2025 21:30,36.900.089,27.290.318
5/2/2025 21:30,36.900.097,27.290.306
5/2/2025 21:30,36.900.097,27.290.306
5/2/2025 21:30,36.900.112,27.290.272
5/2/2025 21:30,36.900.124,27.290.258
5/2/2025 21:30,36.900.131,27.290.243
5/2/2025 21:30,36.900.143,27.290.230
5/2/2025 21:30,36.900.143,27.290.230
5/2/2025 21:30,36.900.169,27.290.197
5/2/2025 21:30,36.900.181,27.290.188
5/2/2025 21:30,36.900.188,27.290.180
5/2/2025 21:30,36.900.200,27.290.171
5/2/2025 21:30,36.900.200,27.290.171
5/2/2025 21:30,36.900.227,27.290.159
5/2/2025 21:30,36.900.238,27.290.155
5/2/2025 21:30,36.900.249,27.290.150
5/2/2025 21:30,36.900.249,27.290.150
5/2/2025 21:30,36.900.249,27.290.150
5/2/2025 21:30,36.900.295,27.290.136
5/2/2025 21:30,36.900.311,27.290.131
5/2/2025 21:30,36.900.326,27.290.125
5/2/2025 21:30,36.900.345,27.290.121
5/2/2025 21:30,36.900.345,27.290.121
5/2/2025 21:30,36.900.391,27.290.127
5/2/2025 21:30,36.900.410,27.290.133
5/2/2025 21:30,36.900.421,27.290.142
5/2/2025 21:30,36.900.421,27.290.142
5/2/2025 21:30,36.900.471,27.290.174
5/2/2025 21:30,36.900.486,27.290.186
5/2/2025 21:30,36.900.505,27.290.201
5/2/2025 21:30,36.900.528,27.290.201
5/2/2025 21:30,36.900.528,27.290.201
5/2/2025 21:30,36.900.528,27.290.201
5/2/2025 21:30,36.900.620,27.290.216
5/2/2025 21:30,36.900.646,27.290.218
5/2/2025 21:31,36.900.665,27.290.241
5/2/2025 21:31,36.900.665,27.290.241
5/2/2025 21:31,36.900.745,27.290.268
5/2/2025 21:31,36.900.768,27.290.279
5/2/2025 21:31,36.900.795,27.290.289
5/2/2025 21:31,36.900.822,27.290.298
5/2/2025 21:31,36.900.822,27.290.298
5/2/2025 21:31,36.900.909,27.290.337
5/2/2025 21:31,36.900.932,27.290.354
5/2/2025 21:31,36.900.963,27.290.367
5/2/2025 21:31,36.900.990,27.290.380
5/2/2025 21:31,36.900.990,27.290.380
5/2/2025 21:31,36.901.085,27.290.403
5/2/2025 21:31,36.901.123,27.290.426
5/2/2025 21:31,36.901.157,27.290.438
5/2/2025 21:31,36.901.188,27.290.451
5/2/2025 21:31,36.901.188,27.290.451
5/2/2025 21:31,36.901.287,27.290.499
5/2/2025 21:31,36.901.321,27.290.508
5/2/2025 21:31,36.901.352,27.290.527
5/2/2025 21:31,36.901.382,27.290.546
5/2/2025 21:31,36.901.382,27.290.546
5/2/2025 21:31,36.901.478,27.290.600
5/2/2025 21:31,36.901.508,27.290.615
5/2/2025 21:31,36.901.543,27.290.638
5/2/2025 21:31,36.901.581,27.290.655
5/2/2025 21:31,36.901.581,27.290.655
5/2/2025 21:31,36.901.691,27.290.703
5/2/2025 21:31,36.901.730,27.290.720
5/2/2025 21:31,36.901.768,27.290.735
5/2/2025 21:31,36.901.806,27.290.756
5/2/2025 21:31,36.901.806,27.290.756
5/2/2025 21:31,36.901.932,27.290.800
5/2/2025 21:31,36.901.974,27.290.821
5/2/2025 21:31,36.902.016,27.290.842
5/2/2025 21:31,36.902.016,27.290.842
5/2/2025 21:31,36.902.016,27.290.842
5/2/2025 21:31,36.902.184,27.290.918
5/2/2025 21:31,36.902.225,27.290.937
5/2/2025 21:31,36.902.271,27.290.955
5/2/2025 21:31,36.902.309,27.290.977
5/2/2025 21:31,36.902.309,27.290.977
5/2/2025 21:31,36.902.435,27.291.042
5/2/2025 21:31,36.902.477,27.291.067
5/2/2025 21:31,36.902.519,27.291.086
5/2/2025 21:31,36.902.519,27.291.086
5/2/2025 21:31,36.902.519,27.291.086
5/2/2025 21:31,36.902.706,27.291.151
5/2/2025 21:31,36.902.752,27.291.172
5/2/2025 21:31,36.902.802,27.291.187
5/2/2025 21:32,36.902.802,27.291.187
5/2/2025 21:32,36.902.802,27.291.187
5/2/2025 21:32,36.902.985,27.291.285
5/2/2025 21:32,36.903.030,27.291.311
5/2/2025 21:32,36.903.080,27.291.334
5/2/2025 21:32,36.903.080,27.291.334
5/2/2025 21:32,36.903.225,27.291.401
5/2/2025 21:32,36.903.271,27.291.424
5/2/2025 21:32,36.903.324,27.291.449
5/2/2025 21:32,36.903.370,27.291.470
5/2/2025 21:32,36.903.370,27.291.470
5/2/2025 21:32,36.903.526,27.291.534
5/2/2025 21:32,36.903.580,27.291.561
5/2/2025 21:32,36.903.633,27.291.584
5/2/2025 21:32,36.903.687,27.291.603
5/2/2025 21:32,36.903.687,27.291.603
5/2/2025 21:32,36.903.847,27.291.668
5/2/2025 21:32,36.903.915,27.291.672
5/2/2025 21:32,36.903.980,27.291.681
5/2/2025 21:32,36.904.037,27.291.704
5/2/2025 21:32,36.904.037,27.291.704
5/2/2025 21:32,36.904.205,27.291.767
5/2/2025 21:32,36.904.266,27.291.780
5/2/2025 21:32,36.904.324,27.291.800
5/2/2025 21:32,36.904.381,27.291.822
5/2/2025 21:32,36.904.381,27.291.822
5/2/2025 21:32,36.904.552,27.291.887
5/2/2025 21:32,36.904.610,27.291.910
5/2/2025 21:32,36.904.667,27.291.931
5/2/2025 21:32,36.904.724,27.291.952
5/2/2025 21:32,36.904.724,27.291.952
5/2/2025 21:32,36.904.903,27.292.017
5/2/2025 21:32,36.904.957,27.292.049
5/2/2025 21:32,36.905.018,27.292.080
5/2/2025 21:32,36.905.079,27.292.099
5/2/2025 21:32,36.905.079,27.292.099
5/2/2025 21:32,36.905.258,27.292.175
5/2/2025 21:32,36.905.319,27.292.204
5/2/2025 21:32,36.905.376,27.292.231
5/2/2025 21:32,36.905.376,27.292.231
5/2/2025 21:32,36.905.376,27.292.231
5/2/2025 21:32,36.905.632,27.292.313
5/2/2025 21:32,36.905.689,27.292.341
5/2/2025 21:32,36.905.746,27.292.370
5/2/2025 21:32,36.905.815,27.292.389
5/2/2025 21:32,36.905.815,27.292.389
5/2/2025 21:32,36.906.006,27.292.461
5/2/2025 21:32,36.906.071,27.292.488
5/2/2025 21:32,36.906.136,27.292.513
5/2/2025 21:32,36.906.136,27.292.513
5/2/2025 21:33,36.906.326,27.292.597
5/2/2025 21:33,36.906.391,27.292.622
5/2/2025 21:33,36.906.460,27.292.646
5/2/2025 21:33,36.906.525,27.292.675
5/2/2025 21:33,36.906.525,27.292.675
5/2/2025 21:33,36.906.525,27.292.675
5/2/2025 21:33,36.906.788,27.292.795
5/2/2025 21:33,36.906.853,27.292.824
5/2/2025 21:33,36.906.925,27.292.843
5/2/2025 21:33,36.906.925,27.292.843
5/2/2025 21:33,36.907.131,27.292.917
5/2/2025 21:33,36.907.204,27.292.938
5/2/2025 21:33,36.907.272,27.292.961
5/2/2025 21:33,36.907.333,27.292.990
5/2/2025 21:33,36.907.333,27.292.990
5/2/2025 21:33,36.907.539,27.293.081
5/2/2025 21:33,36.907.608,27.293.112
5/2/2025 21:33,36.907.681,27.293.140
5/2/2025 21:33,36.907.757,27.293.163
5/2/2025 21:33,36.907.757,27.293.163
5/2/2025 21:33,36.907.982,27.293.238
5/2/2025 21:33,36.908.058,27.293.259
5/2/2025 21:33,36.908.134,27.293.282
5/2/2025 21:33,36.908.207,27.293.308
5/2/2025 21:33,36.908.207,27.293.308
5/2/2025 21:33,36.908.440,27.293.386
5/2/2025 21:33,36.908.520,27.293.406
5/2/2025 21:33,36.908.596,27.293.430
5/2/2025 21:33,36.908.669,27.293.461
5/2/2025 21:33,36.908.669,27.293.461
5/2/2025 21:33,36.908.897,27.293.537
5/2/2025 21:33,36.908.974,27.293.564
5/2/2025 21:33,36.909.046,27.293.592
5/2/2025 21:33,36.909.122,27.293.623
5/2/2025 21:33,36.909.122,27.293.623
5/2/2025 21:33,36.909.348,27.293.713
5/2/2025 21:33,36.909.424,27.293.745
5/2/2025 21:33,36.909.504,27.293.770
5/2/2025 21:33,36.909.584,27.293.797
5/2/2025 21:33,36.909.584,27.293.797
5/2/2025 21:33,36.909.821,27.293.869
5/2/2025 21:33,36.909.901,27.293.894
5/2/2025 21:33,36.909.973,27.293.932
5/2/2025 21:33,36.909.973,27.293.932
5/2/2025 21:33,36.909.973,27.293.932
5/2/2025 21:33,36.910.282,27.294.058
5/2/2025 21:33,36.910.366,27.294.086
5/2/2025 21:33,36.910.454,27.294.107
5/2/2025 21:33,36.910.454,27.294.107
5/2/2025 21:34,36.910.454,27.294.107
5/2/2025 21:34,36.910.786,27.294.222
5/2/2025 21:34,36.910.866,27.294.256
5/2/2025 21:34,36.910.950,27.294.283
5/2/2025 21:34,36.910.950,27.294.283
5/2/2025 21:34,36.911.217,27.294.352
5/2/2025 21:34,36.911.304,27.294.380
5/2/2025 21:34,36.911.392,27.294.405
5/2/2025 21:34,36.911.476,27.294.434
5/2/2025 21:34,36.911.476,27.294.434
5/2/2025 21:34,36.911.476,27.294.434
5/2/2025 21:34,36.911.819,27.294.550
5/2/2025 21:34,36.911.907,27.294.580
5/2/2025 21:34,36.911.991,27.294.609
5/2/2025 21:34,36.911.991,27.294.609
5/2/2025 21:34,36.912.243,27.294.697
5/2/2025 21:34,36.912.327,27.294.724
5/2/2025 21:34,36.912.415,27.294.743
5/2/2025 21:34,36.912.498,27.294.765
5/2/2025 21:34,36.912.498,27.294.765
5/2/2025 21:34,36.912.758,27.294.838
5/2/2025 21:34,36.912.846,27.294.853
5/2/2025 21:34,36.912.937,27.294.874
5/2/2025 21:34,36.913.021,27.294.901
5/2/2025 21:34,36.913.021,27.294.901
5/2/2025 21:34,36.913.292,27.294.937
5/2/2025 21:34,36.913.387,27.294.947
5/2/2025 21:34,36.913.479,27.294.956
5/2/2025 21:34,36.913.570,27.294.962
5/2/2025 21:34,36.913.570,27.294.962
5/2/2025 21:34,36.913.845,27.294.983
5/2/2025 21:34,36.913.940,27.294.987
5/2/2025 21:34,36.914.032,27.294.992
5/2/2025 21:34,36.914.124,27.294.998
5/2/2025 21:34,36.914.124,27.294.998
5/2/2025 21:34,36.914.402,27.295.017
5/2/2025 21:34,36.914.494,27.295.021
5/2/2025 21:34,36.914.585,27.295.027
5/2/2025 21:34,36.914.677,27.295.029
5/2/2025 21:34,36.914.677,27.295.029
5/2/2025 21:34,36.914.951,27.295.034
5/2/2025 21:34,36.915.039,27.295.031
5/2/2025 21:34,36.915.131,27.295.027
5/2/2025 21:34,36.915.230,27.295.021
5/2/2025 21:34,36.915.230,27.295.021
5/2/2025 21:34,36.915.508,27.295.000
5/2/2025 21:34,36.915.604,27.294.994
5/2/2025 21:34,36.915.691,27.294.977
5/2/2025 21:34,36.915.691,27.294.977
5/2/2025 21:34,36.915.691,27.294.977
5/2/2025 21:35,36.916.054,27.294.939
5/2/2025 21:35,36.916.145,27.294.930
5/2/2025 21:35,36.916.252,27.294.931
5/2/2025 21:35,36.916.252,27.294.931
5/2/2025 21:35,36.916.252,27.294.931
5/2/2025 21:35,36.916.607,27.294.918
5/2/2025 21:35,36.916.702,27.294.895
5/2/2025 21:35,36.916.794,27.294.876
5/2/2025 21:35,36.916.794,27.294.876
5/2/2025 21:35,36.918.037,27.294.630
5/2/2025 21:35,36.918.140,27.294.619
5/2/2025 21:35,36.918.232,27.294.596
5/2/2025 21:35,36.918.324,27.294.575
5/2/2025 21:35,36.918.324,27.294.575
5/2/2025 21:35,36.918.613,27.294.514
5/2/2025 21:35,36.918.709,27.294.498
5/2/2025 21:35,36.918.804,27.294.481
5/2/2025 21:35,36.918.903,27.294.466
5/2/2025 21:35,36.918.903,27.294.466
5/2/2025 21:35,36.919.186,27.294.411
5/2/2025 21:35,36.919.277,27.294.384
5/2/2025 21:35,36.919.373,27.294.365
5/2/2025 21:35,36.919.468,27.294.348
